Rugnummer;Naam;Positie;Link;SW_Naam;SW_ID;Team;Naam_fix
25.0;K. Vermeer;K;/players/kenneth-vermeer/2175/;kenneth-vermeer;2175;bvo-fc-zwolle;K. Vermeer
;J. de Guzmán;M;/players/jonathan-alexander-de-guzman/2259/;jonathan-alexander-de-guzman;2259;sparta-rotterdam-bv;J. de Guzman
5.0;I. Perišić;A;/players/ivan-perisic/13756/;ivan-perisic;13756;psv-nv;I. Perisic
22.0;P. Tytoń;K;/players/przemyslaw-tyton/17326/;przemyslaw-tyton;17326;stichting-fc-twente-65;P. Tyton
20.0;L. Schöne;M;/players/lasse-schone/17366/;lasse-schone;17366;nijmegen-eendracht-combinatie;L. Schone
29.0;M. Kramer;A;/players/michiel-kramer/19677/;michiel-kramer;19677;rkc-waalwijk;M. Kramer
6.0;J. Henderson;M;/players/jordan-henderson/48010/;jordan-henderson;48010;afc-ajax;J. Henderson
18.0;J. Bokila;A;/players/jeremy-bokila/49538/;jeremy-bokila;49538;sbv-willem-ii-tilburg;J. Bokila
22.0;R. Pasveer;K;/players/remko-pasveer/49689/;remko-pasveer;49689;afc-ajax;R. Pasveer
28.0;A. Meijers;V;/players/aaron-meijers/59081/;aaron-meijers;59081;rkc-waalwijk;A. Meijers
9.0;R. van Wolfswinkel;A;/players/ricky-van-wolfswinkel/59407/;ricky-van-wolfswinkel;59407;stichting-fc-twente-65;R. van Wolfswinkel
41.0;J. Zoet;K;/players/jeroen-zoet/61206/;jeroen-zoet;61206;stichting-az;J. Zoet
9.0;L. de Jong;A;/players/luuk-de-jong/65056/;luuk-de-jong;65056;psv-nv;L. de Jong
18.0;K. Leerdam;V;/players/kelvin-leerdam/68354/;kelvin-leerdam;68354;stichting-heracles-almelo;K. Leerdam
14.0;A. Vellios;A;/players/-vellios/77882/;-vellios;77882;bvo-fc-zwolle;A. Vellios
24.0;N. Viergever;V;/players/nick--viergever/78529/;nick--viergever;78529;stichting-fc-utrecht;N. Viergever
1.0;L. Unnerstall;K;/players/lars-unnerstall/81320/;lars-unnerstall;81320;stichting-fc-twente-65;L. Unnerstall
17.0;B. Nuytinck;V;/players/bram-nuytinck/86442/;bram-nuytinck;86442;nijmegen-eendracht-combinatie;B. Nuytinck
12.0;Ivo Pinto;V;/players/ivo-pinto/86672/;ivo-pinto;86672;fortuna-sittard;Ivo Pinto
7.0;L. Bacuna;M;/players/leandro-bacuna/88003/;leandro-bacuna;88003;stichting-fc-groningen;L. Bacuna
43.0;M. Peersman;V;/players/marvin-peersman/89988/;marvin-peersman;89988;stichting-fc-groningen;M. Peersman
3.0;G. Nauber;V;/players/gerrit-nauber/102528/;gerrit-nauber;102528;stichting-go-ahead-eagles;G. Nauber
20.0;B. Traoré;A;/players/bertrand-traore/102801/;bertrand-traore;102801;afc-ajax;B. Traore
4.0;B. Martins Indi;V;/players/rolando-martins-indi/102888/;rolando-martins-indi;102888;stichting-az;B. Martins Indi
;T. Boere;A;/players/tom-boere/102911/;tom-boere;102911;nac-bv;T. Boere
18.0;J. Toornstra;M;/players/jens-toornstra/110217/;jens-toornstra;110217;stichting-fc-utrecht;J. Toornstra
4.0;E. Schouten;V;/players/erik-schouten/134072/;erik-schouten;134072;sbv-willem-ii-tilburg;E. Schouten
8.0;J. Clasie;M;/players/jordy-clasie/134078/;jordy-clasie;134078;stichting-az;J. Clasie
23.0;S. Berghuis;A;/players/steven-berghuis/134080/;steven-berghuis;134080;afc-ajax;S. Berghuis
18.0;G. Trauner;V;/players/gernot-trauner/135546/;gernot-trauner;135546;feyenoord-rotterdam-nv;G. Trauner
50.0;A. Erceg;A;/players/ante-erceg/137741/;ante-erceg;137741;fortuna-sittard;A. Erceg
12.0;H. Verhulst;K;/players/hobie-verhulst/138446/;hobie-verhulst;138446;stichting-az;H. Verhulst
1.0;L. Koopmans;K;/players/luuk-koopmans/149059/;luuk-koopmans;149059;fortuna-sittard;L. Koopmans
21.0;J. Smits;K;/players/joshua-smits/149369/;joshua-smits;149369;sbv-willem-ii-tilburg;J. Smits
18.0;D. Klaassen;M;/players/davy-klaassen/158581/;davy-klaassen;158581;afc-ajax;D. Klaassen
23.0;T. Kongolo;V;/players/terence-kongolo/161296/;terence-kongolo;161296;nac-bv;T. Kongolo
24.0;D. Rugani;V;/players/daniele-rugani/162676/;daniele-rugani;162676;afc-ajax;D. Rugani
17.0;T. Bruns;M;/players/thomas-bruns/168503/;thomas-bruns;168503;stichting-heracles-almelo;T. Bruns
31.0;M. Branderhorst;K;/players/mathijs-branderhorst/175358/;mathijs-branderhorst;175358;fortuna-sittard;M. Branderhorst
19.0;T. Haye;M;/players/thom-haye/182931/;thom-haye;182931;fc-omniworld;T. Haye
3.0;M. van der Hoorn;V;/players/mike-van-der-hoorn/190540/;mike-van-der-hoorn;190540;stichting-fc-utrecht;M. van der Hoorn
4.0;J. Pelupessy;M;/players/joey-pelupessy/197572/;joey-pelupessy;197572;stichting-fc-groningen;J. Pelupessy
1.0;R. Kortsmit;K;/players/roy-kortsmit/200996/;roy-kortsmit;200996;nac-bv;R. Kortsmit
25.0;M. Tirpan;V;/players/mickael-tirpan/202469/;mickael-tirpan;202469;sbv-willem-ii-tilburg;M. Tirpan
1.0;W. Benítez;K;/players/walter-benitez/210145/;walter-benitez;210145;psv-nv;W. Benitez
10.0;E. Ómarsson;A;/players/elias-mar-omarsson/213035/;elias-mar-omarsson;213035;nac-bv;E. Omarsson
30.0;R. Thomas;M;/players/ryan-thomas/215382/;ryan-thomas;215382;bvo-fc-zwolle;R. Thomas
21.0;B. van den Boomen;M;/players/branco-van-den-boomen/215550/;branco-van-den-boomen;215550;afc-ajax;B. van den Boomen
10.0;C. Akpom;A;/players/chuba-akpom/215570/;chuba-akpom;215570;afc-ajax;C. Akpom
13.0;T. Lam;V;/players/thomas-lam/216585/;thomas-lam;216585;bvo-fc-zwolle;T. Lam
15.0;J. Lawrence;V;/players/jamie-lawrence/216767/;jamie-lawrence;216767;fc-omniworld;J. Lawrence
7.0;K. Peterson;A;/players/kristoffer-peterson/218002/;kristoffer-peterson;218002;fortuna-sittard;K. Peterson
13.0;M. van der Hart;K;/players/mickey-van-der-hart/218009/;mickey-van-der-hart;218009;sportclub-heerenveen;M. van der Hart
11.0;A. Jakobsen;M;/players/alexander-jakobsen/218149/;alexander-jakobsen;218149;rkc-waalwijk;A. Jakobsen
25.0;R. Bazoer;V;/players/riechedly-bazoer/218161/;riechedly-bazoer;218161;stichting-az;R. Bazoer
35.0;M. Dijks;V;/players/mitchel-dijks/219029/;mitchel-dijks;219029;fortuna-sittard;M. Dijks
20.0;F. Oldrup Jensen;M;/players/fredrik-oldrup-jensen/231672/;fredrik-oldrup-jensen;231672;nac-bv;F. Oldrup Jensen
;N. Olij;K;/players/nick-olij/235322/;nick-olij;235322;sparta-rotterdam-bv;N. Olij
8.0;M. Engels;M;/players/mario-engels/243044/;mario-engels;243044;stichting-heracles-almelo;M. Engels
25.0;M. Brouwer;K;/players/michael-brouwer/250395/;michael-brouwer;250395;stichting-fc-utrecht;M. Brouwer
25.0;W. Weghorst;A;/players/wout-weghorst/255205/;wout-weghorst;255205;afc-ajax;W. Weghorst
22.0;T. Wellenreuther;K;/players/timon-wellenreuther/258964/;timon-wellenreuther;258964;feyenoord-rotterdam-nv;T. Wellenreuther
1.0;T. Didillon-Hödl;K;/players/thomas-didillon/259971/;thomas-didillon;259971;sbv-willem-ii-tilburg;T. Didillon-Hodl
23.0;R. van der Venne;M;/players/richard-van-der-venne/261975/;richard-van-der-venne;261975;rkc-waalwijk;R. van der Venne
8.0;C. Leemans;M;/players/clint-leemans/264397/;clint-leemans;264397;nac-bv;C. Leemans
10.0;A. Halilović;M;/players/alen-halilovi/270136/;alen-halilovi;270136;fortuna-sittard;A. Halilovic
1.0;V. Barkas;K;/players/vasileios-barkas/272919/;vasileios-barkas;272919;stichting-fc-utrecht;V. Barkas
5.0;P. Bochniewicz;V;/players/pawe-bochniewicz/273911/;pawe-bochniewicz;273911;sportclub-heerenveen;P. Bochniewicz
5.0;B. Kuipers;V;/players/bas-edo-kuipers/274649/;bas-edo-kuipers;274649;stichting-fc-twente-65;B. Kuipers
2.0;B. Nieuwkoop;V;/players/bart-nieuwkoop/275124/;bart-nieuwkoop;275124;feyenoord-rotterdam-nv;B. Nieuwkoop
21.0;B. Guillaume;A;/players/baptiste-guillaume/285403/;baptiste-guillaume;285403;fc-omniworld;B. Guillaume
4.0;D. Mirani;V;/players/damon-mirani/289811/;damon-mirani;289811;stichting-heracles-almelo;D. Mirani
9.0;O. Zawada;A;/players/oskar-zawada/289870/;oskar-zawada;289870;rkc-waalwijk;O. Zawada
7.0;Y. Namli;M;/players/younes-namli/291585/;younes-namli;291585;bvo-fc-zwolle;Y. Namli
44.0;A. Noppert;K;/players/andries-noppert/300862/;andries-noppert;300862;sportclub-heerenveen;A. Noppert
21.0;H. Jurjus;K;/players/hidde-jurjus/301076/;hidde-jurjus;301076;stichting-fc-groningen;H. Jurjus
1.0;J. Houwen;K;/players/jeroen-houwen/303254/;jeroen-houwen;303254;rkc-waalwijk;J. Houwen
6.0;A. Condé;M;/players/amara-conde/310101/;amara-conde;310101;sportclub-heerenveen;A. Conde
9.0;T. Robinet;A;/players/thomas-robinet/312659/;thomas-robinet;312659;fc-omniworld;T. Robinet
22.0;S. Bastien;M;/players/samuel-bastien/314097/;samuel-bastien;314097;fortuna-sittard;S. Bastien
5.0;J. Bruijn;M;/players/jordy-bruijn/314251/;jordy-bruijn;314251;stichting-heracles-almelo;J. Bruijn
2.0;D. Dankerlui;V;/players/damil-dankerlui/314252/;damil-dankerlui;314252;fc-omniworld;D. Dankerlui
6.0;Àlex Carbonell;M;/players/alejandro-carbonell/316438/;alejandro-carbonell;316438;fc-omniworld;Alex Carbonell
25.0;B. Sosa;V;/players/borna-sosa/318347/;borna-sosa;318347;afc-ajax;B. Sosa
21.0;Y. van Osch;K;/players/van-yanick-osch/319269/;van-yanick-osch;319269;rkc-waalwijk;Y. van Osch
24.0;C. Verdonk;V;/players/calvin-verdonk/319288/;calvin-verdonk;319288;nijmegen-eendracht-combinatie;C. Verdonk
7.0;S. Bergwijn;A;/players/steven-bergwijn/319305/;steven-bergwijn;319305;afc-ajax;S. Bergwijn
;A. Verschueren;M;/players/arno-vershueren/319385/;arno-vershueren;319385;sparta-rotterdam-bv;A. Verschueren
27.0;F. Stokkers;A;/players/finn-stokkers/319661/;finn-stokkers;319661;stichting-go-ahead-eagles;F. Stokkers
40.0;M. Hauptmeijer;K;/players/mike-hauptmeijer/321048/;mike-hauptmeijer;321048;bvo-fc-zwolle;M. Hauptmeijer
2.0;R. Karsdorp;V;/players/rick-karsdorp/322327/;rick-karsdorp;322327;psv-nv;R. Karsdorp
8.0;A. Tahiri;M;/players/anas-tahiri/323282/;anas-tahiri;323282;fc-omniworld;A. Tahiri
1.0;S. van Gassel;K;/players/stijn-van-gassel/323665/;stijn-van-gassel;323665;nijmegen-eendracht-combinatie;S. van Gassel
;S. Bakari;V;/players/said-bakari/325391/;said-bakari;325391;sparta-rotterdam-bv;S. Bakari
27.0;H. Lozano;A;/players/hirving-rodrigo-lozano-bahena/327531/;hirving-rodrigo-lozano-bahena;327531;psv-nv;H. Lozano
18.0;O. Boscagli;V;/players/olivier-boscagli/329542/;olivier-boscagli;329542;psv-nv;O. Boscagli
32.0;V. van Crooij;A;/players/vito-van-crooy/330044/;vito-van-crooy;330044;nijmegen-eendracht-combinatie;V. van Crooij
1.0;J. Bijlow;K;/players/justin-bijlow/340393/;justin-bijlow;340393;feyenoord-rotterdam-nv;J. Bijlow
15.0;E. Mahmutović;V;/players/enes-mahmutovic/347775/;enes-mahmutovic;347775;nac-bv;E. Mahmutovic
11.0;N. Laursen;A;/players/nikolai-laursen/349513/;nikolai-laursen;349513;stichting-heracles-almelo;N. Laursen
4.0;Iván Márquez;V;/players/ivan-marquez-alvarez/352663/;ivan-marquez-alvarez;352663;nijmegen-eendracht-combinatie;Ivan Marquez
3.0;D. Van den Buijs;V;/players/dario-van-den-buijs/353273/;dario-van-den-buijs;353273;rkc-waalwijk;D. Van den Buijs
3.0;M. Koscelník;V;/players/martin-koscelnik/353345/;martin-koscelnik;353345;nac-bv;M. Koscelnik
5.0;J. Van den Bergh;V;/players/jan-van-den-bergh/354185/;jan-van-den-bergh;354185;nac-bv;J. Van den Bergh
21.0;Manel Royo;V;/players/manel-royo-castell/354951/;manel-royo-castell;354951;nac-bv;Manel Royo
16.0;J. Drommel;K;/players/joel-drommel/355869/;joel-drommel;355869;psv-nv;J. Drommel
32.0;O. Lingr;M;/players/ondej-lingr/377533/;ondej-lingr;377533;feyenoord-rotterdam-nv;O. Lingr
23.0;M. Sadílek;M;/players/michal-sadilek/377539/;michal-sadilek;377539;stichting-fc-twente-65;M. Sadilek
37.0;I. Lidberg;A;/players/isac-lidberg/379265/;isac-lidberg;379265;stichting-fc-utrecht;I. Lidberg
6.0;C. Eiting;M;/players/carel-eiting/379791/;carel-eiting;379791;stichting-fc-twente-65;C. Eiting
;P. Clement;M;/players/pelle-clement/379793/;pelle-clement;379793;sparta-rotterdam-bv;P. Clement
3.0;P. Sandler;V;/players/philippe-sandler/381097/;philippe-sandler;381097;nijmegen-eendracht-combinatie;P. Sandler
5.0;K. Finnsson;V;/players/kolbeinn-finnsson/384487/;kolbeinn-finnsson;384487;stichting-fc-utrecht;K. Finnsson
2.0;S. Floranus;V;/players/sherel-floranus/385271/;sherel-floranus;385271;bvo-fc-zwolle;S. Floranus
33.0;D. Hancko;V;/players/david-hancko/391059/;david-hancko;391059;feyenoord-rotterdam-nv;D. Hancko
23.0;Alessio da Cruz;A;/players/alessio-da-cruz/391603/;alessio-da-cruz;391603;fortuna-sittard;Alessio da Cruz
17.0;P. Joosten;A;/players/patrick-joosten/394561/;patrick-joosten;394561;sbv-willem-ii-tilburg;P. Joosten
17.0;Mauro Júnior;V;/players/mauro-jaqueson-junior-ferreira-dos-santos/398754/;mauro-jaqueson-junior-ferreira-dos-santos;398754;psv-nv;Mauro Junior
2.0;S. Horemans;V;/players/siebe-horemans/399758/;siebe-horemans;399758;stichting-fc-utrecht;S. Horemans
4.0;Hwang In-Beom;M;/players/in-beom-hwang/400101/;in-beom-hwang;400101;feyenoord-rotterdam-nv;Hwang In-Beom
11.0;M. Köhlert;V;/players/mats-kohlert/400423/;mats-kohlert;400423;sportclub-heerenveen;M. Kohlert
4.0;J. Kramer;V;/players/joris-kramer/402051/;joris-kramer;402051;stichting-go-ahead-eagles;J. Kramer
2.0;M. Deijl;V;/players/mats-deijl/402457/;mats-deijl;402457;stichting-go-ahead-eagles;M. Deijl
8.0;L. Brouwers;M;/players/luuk-brouwers/402458/;luuk-brouwers;402458;sportclub-heerenveen;L. Brouwers
30.0;J. Lotomba;V;/players/jordan-lotomba/405870/;jordan-lotomba;405870;feyenoord-rotterdam-nv;J. Lotomba
;T. Lauritsen;A;/players/tobias-lauritsen/406745/;tobias-lauritsen;406745;sparta-rotterdam-bv;T. Lauritsen
6.0;Laros Duarte;M;/players/laros-duarte/407735/;laros-duarte;407735;stichting-fc-groningen;Laros Duarte
10.0;S. Lammers;A;/players/sam-lammers/407736/;sam-lammers;407736;stichting-fc-twente-65;S. Lammers
2.0;J. Lelieveld;V;/players/julian-lelieveld/407738/;julian-lelieveld;407738;rkc-waalwijk;J. Lelieveld
5.0;T. Ouwejan;V;/players/thomas-ouwejan/407740/;thomas-ouwejan;407740;nijmegen-eendracht-combinatie;T. Ouwejan
18.0;M. Vlap;M;/players/michel-vlap/407742/;michel-vlap;407742;stichting-fc-twente-65;M. Vlap
18.0;S. van der Water;A;/players/silvester-van-der-water/408536/;silvester-van-der-water;408536;rkc-waalwijk;S. van der Water
1.0;E. Vaessen;K;/players/etienne-vaessen/408572/;etienne-vaessen;408572;stichting-fc-groningen;E. Vaessen
30.0;R. Behounek;V;/players/raffael-behounek/408747/;raffael-behounek;408747;sbv-willem-ii-tilburg;R. Behounek
16.0;V. Edvardsen;A;/players/victor-edvardsen/409168/;victor-edvardsen;409168;stichting-go-ahead-eagles;V. Edvardsen
77.0;B. Manu;M;/players/braydon-marvin-manu/414639/;braydon-marvin-manu;414639;bvo-fc-zwolle;B. Manu
35.0;Jamiro Monteiro;M;/players/jamiro-gregory-monteiro-alvarenga/421293/;jamiro-gregory-monteiro-alvarenga;421293;bvo-fc-zwolle;Jamiro Monteiro
30.0;S. Jansen;K;/players/sven-jansen/421540/;sven-jansen;421540;stichting-go-ahead-eagles;S. Jansen
17.0;J. Okkels;A;/players/jeppe-okkels/421644/;jeppe-okkels;421644;stichting-fc-utrecht;J. Okkels
34.0;M. de Wit;V;/players/mees-de-wit/423562/;mees-de-wit;423562;stichting-az;M. de Wit
9.0;K. Sierhuis;A;/players/kaj-sierhuis/423563/;kaj-sierhuis;423563;fortuna-sittard;K. Sierhuis
7.0;C. Nunnely;A;/players/che-nunnely/423827/;che-nunnely;423827;sportclub-heerenveen;C. Nunnely
19.0;S. Olsson;M;/players/simon-olsson/423888/;simon-olsson;423888;sportclub-heerenveen;S. Olsson
17.0;L. Ivanušec;A;/players/luka-ivanuec/424605/;luka-ivanuec;424605;feyenoord-rotterdam-nv;L. Ivanusec
7.0;M. van Bergen;A;/players/mitchell-van-bergen/426574/;mitchell-van-bergen;426574;stichting-fc-twente-65;M. van Bergen
4.0;A. Obispo;V;/players/armando-obispo/426581/;armando-obispo;426581;psv-nv;A. Obispo
24.0;G. Roemeratoe;M;/players/godfried-roemeratoe/426582/;godfried-roemeratoe;426582;rkc-waalwijk;G. Roemeratoe
3.0;J. Teze;V;/players/jordan-teze/426583/;jordan-teze;426583;psv-nv;J. Teze
9.0;D. Vente;A;/players/dylan-vente/426585/;dylan-vente;426585;bvo-fc-zwolle;D. Vente
;B. Reith;V;/players/boyd-reith/427038/;boyd-reith;427038;sparta-rotterdam-bv;B. Reith
11.0;B. Adekanye;A;/players/bobby-adekanye/427040/;bobby-adekanye;427040;stichting-go-ahead-eagles;B. Adekanye
21.0;J. Hoogma;V;/players/justin-hoogma/432697/;justin-hoogma;432697;stichting-heracles-almelo;J. Hoogma
18.0;K. Ogawa;A;/players/koki-ogawa/435835/;koki-ogawa;435835;nijmegen-eendracht-combinatie;K. Ogawa
5.0;O. Wijndal;V;/players/owen-wijndal/440858/;owen-wijndal;440858;afc-ajax;O. Wijndal
23.0;N. Vesterlund;V;/players/niklas-brondsted-vesterlund-nielsen/441234/;niklas-brondsted-vesterlund-nielsen;441234;stichting-fc-utrecht;N. Vesterlund
10.0;T. Booth;M;/players/taylor-booth/441556/;taylor-booth;441556;stichting-fc-utrecht;T. Booth
15.0;M. López;V;/players/marcos-johan-lopez-lanfranco/442604/;marcos-johan-lopez-lanfranco;442604;feyenoord-rotterdam-nv;M. Lopez
8.0;J. Hove;M;/players/johan-hove/444353/;johan-hove;444353;stichting-fc-groningen;J. Hove
18.0;I. Nicolăescu;A;/players/ion-nicolescu/446191/;ion-nicolescu;446191;sportclub-heerenveen;I. Nicolaescu
10.0;R. Niemeijer;A;/players/reuven-niemeijer/447106/;reuven-niemeijer;447106;rkc-waalwijk;R. Niemeijer
17.0;A. Fontana;M;/players/anthony-fontana/448317/;anthony-fontana;448317;bvo-fc-zwolle;A. Fontana
22.0;J. Schouten;M;/players/jerdy-schouten/448432/;jerdy-schouten;448432;psv-nv;J. Schouten
5.0;M. Rente;V;/players/marco-rente/450717/;marco-rente;450717;stichting-fc-groningen;M. Rente
22.0;J. De Busser;K;/players/jari-de-busser/451008/;jari-de-busser;451008;stichting-go-ahead-eagles;J. De Busser
20.0;G. Til;M;/players/guus-til/451981/;guus-til;451981;psv-nv;G. Til
23.0;J. Bekkema;K;/players/jan-bekkema/452051/;jan-bekkema;452051;sportclub-heerenveen;J. Bekkema
18.0;O. Velanas;M;/players/odysseus-velanas/452059/;odysseus-velanas;452059;bvo-fc-zwolle;O. Velanas
27.0;Rui Mendes;A;/players/rui-jorge-monteiro-mendes/453390/;rui-jorge-monteiro-mendes;453390;stichting-fc-groningen;Rui Mendes
4.0;S. Kersten;V;/players/sam-kersten/453644/;sam-kersten;453644;sportclub-heerenveen;S. Kersten
5.0;J. Familia-Castillo;V;/players/juan-familio-castillo/453849/;juan-familio-castillo;453849;rkc-waalwijk;J. Familia-Castillo
14.0;K. Belić;M;/players/kristijan-belic/453868/;kristijan-belic;453868;stichting-az;K. Belic
2.0;B. Lucassen;V;/players/boyd-lucassen/453952/;boyd-lucassen;453952;nac-bv;B. Lucassen
1.0;J. Schendelaar;K;/players/jasper-schendelaar/454473/;jasper-schendelaar;454473;bvo-fc-zwolle;J. Schendelaar
7.0;N. Doodeman;A;/players/nick-doodeman/454478/;nick-doodeman;454478;sbv-willem-ii-tilburg;N. Doodeman
32.0;L. Rosier;M;/players/lorentz-rosier/456607/;lorentz-rosier;456607;fortuna-sittard;L. Rosier
8.0;P. Vroegh;M;/players/patrick-vroegh/457667/;patrick-vroegh;457667;rkc-waalwijk;P. Vroegh
29.0;T. Buitink;A;/players/thomas-buitnik/457668/;thomas-buitnik;457668;bvo-fc-zwolle;T. Buitink
10.0;C. Stengs;M;/players/calvin-stengs/458659/;calvin-stengs;458659;feyenoord-rotterdam-nv;C. Stengs
23.0;J. Veerman;M;/players/joey--veerman/459312/;joey--veerman;459312;psv-nv;J. Veerman
16.0;A. Nalić;M;/players/adi-nalic/459631/;adi-nalic;459631;fc-omniworld;A. Nalic
37.0;J. Šutalo;V;/players/josip-utalo/460387/;josip-utalo;460387;afc-ajax;J. Sutalo
7.0;V. Jensen;M;/players/victor-jensen/460509/;victor-jensen;460509;stichting-fc-utrecht;V. Jensen
5.0;T. Lutonda;V;/players/thierry-lutonda/462568/;thierry-lutonda;462568;bvo-fc-zwolle;T. Lutonda
4.0;B. Kemper;V;/players/boy-kemper/463009/;boy-kemper;463009;nac-bv;B. Kemper
4.0;L. van Gelderen;V;/players/liam--van-gelderen/463011/;liam--van-gelderen;463011;rkc-waalwijk;L. van Gelderen
8.0;Q. Timber;M;/players/quinten-maduro/463017/;quinten-maduro;463017;feyenoord-rotterdam-nv;Q. Timber
10.0;N. Lang;A;/players/noa-lang/463018/;noa-lang;463018;psv-nv;N. Lang
19.0;L. Lyratzis;V;/players/eleutherios-lyratzis/463371/;eleutherios-lyratzis;463371;nijmegen-eendracht-combinatie;L. Lyratzis
9.0;B. Willumsson;A;/players/brynjolfur-darri-willumsson/463548/;brynjolfur-darri-willumsson;463548;stichting-fc-groningen;B. Willumsson
1.0;F. de Keijzer;K;/players/fabian-de-keijzer/463695/;fabian-de-keijzer;463695;stichting-heracles-almelo;F. de Keijzer
4.0;L. Geertruida;V;/players/lutsharel-geertruida/463698/;lutsharel-geertruida;463698;feyenoord-rotterdam-nv;L. Geertruida
6.0;M. Hoedemakers;M;/players/mees-hoedemakers/465082/;mees-hoedemakers;465082;nijmegen-eendracht-combinatie;M. Hoedemakers
29.0;J. Wendlinger;K;/players/jonas-wendlinger/469451/;jonas-wendlinger;469451;fc-omniworld;J. Wendlinger
1.0;L. Plogmann;K;/players/luca-plogmann/470121/;luca-plogmann;470121;stichting-go-ahead-eagles;L. Plogmann
14.0;Rodrigo Guth;V;/players/rodrigo-guth/475116/;rodrigo-guth;475116;fortuna-sittard;Rodrigo Guth
18.0;J. Medić;V;/players/jakov-medi/475230/;jakov-medi;475230;afc-ajax;J. Medic
10.0;D. van den Berg;M;/players/dave-van-den-berg-/475335/;dave-van-den-berg-;475335;bvo-fc-zwolle;D. van den Berg
19.0;J. Carranza;A;/players/julian-carranza/475791/;julian-carranza;475791;feyenoord-rotterdam-nv;J. Carranza
25.0;T. Oosting;M;/players/thijs-oosting/477591/;thijs-oosting;477591;stichting-fc-groningen;T. Oosting
26.0;D. van Kaam;M;/players/daniel-van-kaam/477595/;daniel-van-kaam;477595;stichting-heracles-almelo;D. van Kaam
33.0;T. St. Jago;V;/players/tommy-st-jago/477596/;tommy-st-jago;477596;sbv-willem-ii-tilburg;T. St. Jago
12.0;J. Gorter;K;/players/jay-gorter/477600/;jay-gorter;477600;afc-ajax;J. Gorter
5.0;D. Grujčić;V;/players/darijo-grujcic/478384/;darijo-grujcic;478384;fortuna-sittard;D. Grujcic
8.0;S. Dest;V;/players/sergino-dest/479402/;sergino-dest;479402;psv-nv;S. Dest
14.0;L. Olden Larsen;A;/players/lars-olden-larsen/479687/;lars-olden-larsen;479687;nijmegen-eendracht-combinatie;L. Olden Larsen
28.0;J. Mitrović;A;/players/josip-mitrovi/482602/;josip-mitrovi;482602;fortuna-sittard;J. Mitrovic
9.0;K. Kostorz;A;/players/kacper-kostorz/485378/;kacper-kostorz;485378;nac-bv;K. Kostorz
5.0;R. Sigurgeirsson;V;/players/runar-thor-sigurgeirsson/491746/;runar-thor-sigurgeirsson;491746;sbv-willem-ii-tilburg;R. Sigurgeirsson
39.0;D. Janošek;M;/players/dominik-janosek/492661/;dominik-janosek;492661;nac-bv;D. Janosek
29.0;S. Giménez;A;/players/santiago-tomas-gimenez/494293/;santiago-tomas-gimenez;494293;feyenoord-rotterdam-nv;S. Gimenez
17.0;K. Hansen;A;/players/kornelius-normann-hansen/496125/;kornelius-normann-hansen;496125;fc-omniworld;K. Hansen
3.0;J. Wieckhoff;V;/players/jannes-luca-wieckhoff/497167/;jannes-luca-wieckhoff;497167;stichting-heracles-almelo;J. Wieckhoff
7.0;Róber;M;/players/roberto-gonzalez-bayon/500171/;roberto-gonzalez-bayon;500171;nijmegen-eendracht-combinatie;Rober
3.0;G. Lagerbielke;V;/players/gustaf-lagerbielke/500894/;gustaf-lagerbielke;500894;stichting-fc-twente-65;G. Lagerbielke
35.0;K. Felida;M;/players/kevin--felida/501817/;kevin--felida;501817;rkc-waalwijk;K. Felida
30.0;R. Mantel;K;/players/robin-mantel/502712/;robin-mantel;502712;stichting-heracles-almelo;R. Mantel
16.0;I. El Maach;K;/players/issam-el-maach/506880/;issam-el-maach;506880;stichting-fc-twente-65;I. El Maach
5.0;G. Smal;V;/players/gijs-smal/508760/;gijs-smal;508760;feyenoord-rotterdam-nv;G. Smal
8.0;K. Taylor;M;/players/kenneth-taylor/508784/;kenneth-taylor;508784;afc-ajax;K. Taylor
19.0;R. Margaret;A;/players/richonell-margaret/508815/;richonell-margaret;508815;rkc-waalwijk;R. Margaret
10.0;S. Hansen;A;/players/sontje-hansen/508823/;sontje-hansen;508823;nijmegen-eendracht-combinatie;S. Hansen
2.0;D. Hall;V;/players/denzel-hall/508910/;denzel-hall;508910;sportclub-heerenveen;D. Hall
29.0;S. Podgoreanu;A;/players/suf-podgoreanu/509673/;suf-podgoreanu;509673;stichting-heracles-almelo;S. Podgoreanu
7.0;R. Providence;A;/players/ruben-providence/509854/;ruben-providence;509854;fc-omniworld;R. Providence
37.0;R. Ledezma;M;/players/richard-ledezma/512218/;richard-ledezma;512218;psv-nv;R. Ledezma
24.0;I. Mesík;V;/players/ivan-mesik/513503/;ivan-mesik;513503;stichting-heracles-almelo;I. Mesik
11.0;I. Sadiq;A;/players/ibrahim-sadiq/513977/;ibrahim-sadiq;513977;stichting-az;I. Sadiq
21.0;E. Llansana;M;/players/enric-llansana/515466/;enric-llansana;515466;stichting-go-ahead-eagles;E. Llansana
9.0;T. Parrott;A;/players/troy-parrot/515624/;troy-parrot;515624;stichting-az;T. Parrott
22.0;T. Barbet;V;/players/theo-barbet/515917/;theo-barbet;515917;fc-omniworld;T. Barbet
17.0;M. Suray;M;/players/mathis-suray/517358/;mathis-suray;517358;stichting-go-ahead-eagles;M. Suray
;J. Kitolano;M;/players/joshua-gaston-kitolano/517475/;joshua-gaston-kitolano;517475;sparta-rotterdam-bv;J. Kitolano
4.0;M. Kjølø;M;/players/mathias-ullereng-kjolo/517477/;mathias-ullereng-kjolo;517477;stichting-fc-twente-65;M. Kjolo
12.0;L. Greiml;V;/players/leo-greiml/517683/;leo-greiml;517683;nac-bv;L. Greiml
9.0;B. Brobbey;A;/players/brian-brobbey/520146/;brian-brobbey;520146;afc-ajax;B. Brobbey
20.0;V. Vermeulen;V;/players/valentino-vermeulen/523467/;valentino-vermeulen;523467;sbv-willem-ii-tilburg;V. Vermeulen
14.0;R. Pepi;A;/players/ricardo-pepi/523964/;ricardo-pepi;523964;psv-nv;R. Pepi
49.0;T. Troost;K;/players/tein-troost/525919/;tein-troost;525919;nac-bv;T. Troost
28.0;N. Kasanwirjo;V;/players/neraysho-kasanwirjo/525925/;neraysho-kasanwirjo;525925;feyenoord-rotterdam-nv;N. Kasanwirjo
34.0;A. Salah-Eddine;V;/players/anass-salah-eddine/525927/;anass-salah-eddine;525927;stichting-fc-twente-65;A. Salah-Eddine
6.0;S. van Ottele;V;/players/syb-van-ottele/525930/;syb-van-ottele;525930;fortuna-sittard;S. van Ottele
52.0;M. Ihattaren;M;/players/mohammed-amine-ihattaren/525933/;mohammed-amine-ihattaren;525933;rkc-waalwijk;M. Ihattaren
71.0;D. Proper;M;/players/dirk-proper/525939/;dirk-proper;525939;nijmegen-eendracht-combinatie;D. Proper
9.0;J. Hornkamp;A;/players/jizz-hornkamp/526566/;jizz-hornkamp;526566;stichting-heracles-almelo;J. Hornkamp
8.0;C. Bozdoğan;M;/players/can-bozdogan/529101/;can-bozdogan;529101;stichting-fc-utrecht;C. Bozdogan
24.0;Danilo Al Saed;A;/players/danilo-al-saed/530444/;danilo-al-saed;530444;sportclub-heerenveen;Danilo Al Saed
77.0;O. Romeny;A;/players/ole-ter-haar-romeny/532140/;ole-ter-haar-romeny;532140;stichting-fc-utrecht;O. Romeny
6.0;P. Koopmeiners;M;/players/peer-koopmeiners/533281/;peer-koopmeiners;533281;stichting-az;P. Koopmeiners
;M. Eerdhuijzen;V;/players/mike--eerdhuijzen/537301/;mike--eerdhuijzen;537301;sparta-rotterdam-bv;M. Eerdhuijzen
5.0;D. James;V;/players/dean-ruben--james/537308/;dean-ruben--james;537308;stichting-go-ahead-eagles;D. James
;Y. Schoonderwaldt;K;/players/youri-youri-schoonderwaldt/537694/;youri-youri-schoonderwaldt;537694;sparta-rotterdam-bv;Y. Schoonderwaldt
3.0;J. Jacobs;V;/players/joey-jacobs/537705/;joey-jacobs;537705;fc-omniworld;J. Jacobs
;S. Mokono;V;/players/sylian-mokono/537706/;sylian-mokono;537706;stichting-heracles-almelo;S. Mokono
34.0;L. Wouters;V;/players/luuk--wouters/537856/;luuk--wouters;537856;rkc-waalwijk;L. Wouters
16.0;S. El Karouani;V;/players/souffian-elkarouani/537878/;souffian-elkarouani;537878;stichting-fc-utrecht;S. El Karouani
28.0;S. Graves;V;/players/simon-graves-jensen/538684/;simon-graves-jensen;538684;bvo-fc-zwolle;S. Graves
;C. Brym;A;/players/charles-andreas-brym/538704/;charles-andreas-brym;538704;sparta-rotterdam-bv;C. Brym
22.0;K. de Rooij;A;/players/kaj-de-rooij/539368/;kaj-de-rooij;539368;bvo-fc-zwolle;K. de Rooij
17.0;R. van Eijma;V;/players/roshon-van-eijma/539577/;roshon-van-eijma;539577;rkc-waalwijk;R. van Eijma
25.0;C. Mamengi;V;/players/christopher-mamengi/540620/;christopher-mamengi;540620;fc-omniworld;C. Mamengi
40.0;M. Didden;V;/players/matisse-didden/541794/;matisse-didden;541794;stichting-fc-utrecht;M. Didden
13.0;J. Žambůrek;M;/players/jan-ambrek/542777/;jan-ambrek;542777;stichting-heracles-almelo;J. Zamburek
23.0;O. Edvardsen;A;/players/oliver-valaker-edvardsen/545481/;oliver-valaker-edvardsen;545481;stichting-go-ahead-eagles;O. Edvardsen
8.0;E. Linthorst;M;/players/evert-linthorst/546756/;evert-linthorst;546756;stichting-go-ahead-eagles;E. Linthorst
24.0;F. Mattoir;A;/players/faiz-mattoir/547050/;faiz-mattoir;547050;fc-omniworld;F. Mattoir
19.0;O. Antman;A;/players/oliver-antman/547497/;oliver-antman;547497;stichting-go-ahead-eagles;O. Antman
21.0;M. Pedersen;V;/players/marcus-holmgren-pedersen/549159/;marcus-holmgren-pedersen;549159;feyenoord-rotterdam-nv;M. Pedersen
50.0;F. Krastev;M;/players/filip-yavorov-krastev/550509/;filip-yavorov-krastev;550509;bvo-fc-zwolle;F. Krastev
6.0;B. Lambert;V;/players/lambert-boris/551151/;lambert-boris;551151;sbv-willem-ii-tilburg;B. Lambert
9.0;A. Ueda;A;/players/ayase-ueda/551425/;ayase-ueda;551425;feyenoord-rotterdam-nv;A. Ueda
99.0;D. Bielica;K;/players/daniel-bielica/555492/;daniel-bielica;555492;nac-bv;D. Bielica
28.0;B. van Rooij;V;/players/bart-van-rooij/557859/;bart-van-rooij;557859;stichting-fc-twente-65;B. van Rooij
14.0;S. Steijn;M;/players/sem-steijn/560623/;sem-steijn;560623;stichting-fc-twente-65;S. Steijn
7.0;M. Tillman;M;/players/malik-tillman/561787/;malik-tillman;561787;psv-nv;M. Tillman
36.0;A. Tsoungui;V;/players/antef-tsoungui/562057/;antef-tsoungui;562057;feyenoord-rotterdam-nv;A. Tsoungui
40.0;D. Ramaj;K;/players/diant-ramaj/562543/;diant-ramaj;562543;afc-ajax;D. Ramaj
6.0;S. Čestić;V;/players/sava-arangel-cestic/563189/;sava-arangel-cestic;563189;stichting-heracles-almelo;S. Cestic
1.0;N. Bakker;K;/players/nordin-bakker/563909/;nordin-bakker;563909;fc-omniworld;N. Bakker
;T. Quintero;V;/players/teo-quintero/565562/;teo-quintero;565562;sparta-rotterdam-bv;T. Quintero
26.0;S. Keller;K;/players/stijn-keller/565989/;stijn-keller;565989;fc-omniworld;S. Keller
10.0;S. Mijnans;M;/players/sven-mijnans/566000/;sven-mijnans;566000;stichting-az;S. Mijnans
20.0;H. Akujobi;V;/players/hamdi-akujobi/567599/;hamdi-akujobi;567599;fc-omniworld;H. Akujobi
27.0;D. Mathieu;M;/players/dani-mathieu/567744/;dani-mathieu;567744;sbv-willem-ii-tilburg;D. Mathieu
13.0;J. Kesting;K;/players/joey-kesting/567938/;joey-kesting;567938;rkc-waalwijk;J. Kesting
8.0;J. Dahlhaus;V;/players/jasper-dahlhaus/567944/;jasper-dahlhaus;567944;fortuna-sittard;J. Dahlhaus
6.0;A. El Azzouzi;V;/players/anouar-el-azzouzi/567947/;anouar-el-azzouzi;567947;bvo-fc-zwolle;A. El Azzouzi
6.0;Y. Oukili;M;/players/yassin-oukili/567948/;yassin-oukili;567948;rkc-waalwijk;Y. Oukili
11.0;Q. Hartman;V;/players/quilindschy-hartman/568141/;quilindschy-hartman;568141;feyenoord-rotterdam-nv;Q. Hartman
;D. van der Kust;V;/players/djevencio-van-der-kust/569309/;djevencio-van-der-kust;569309;sparta-rotterdam-bv;D. van der Kust
30.0;D. Kasius;V;/players/denso-kasius/569311/;denso-kasius;569311;stichting-az;D. Kasius
24.0;C. van den Berg;K;/players/connor-van-den-berg/569426/;connor-van-den-berg;569426;sbv-willem-ii-tilburg;C. van den Berg
44.0;N. van Berkel;V;/players/niels-van-berkel/569428/;niels-van-berkel;569428;sbv-willem-ii-tilburg;N. van Berkel
11.0;N. Ohio;A;/players/noah-ohio/571268/;noah-ohio;571268;stichting-fc-utrecht;N. Ohio
37.0;A. van Lare;K;/players/aron-van-lare/571724/;aron-van-lare;571724;nac-bv;A. van Lare
9.0;T. Baeten;A;/players/thibo-baeten/571905/;thibo-baeten;571905;stichting-go-ahead-eagles;T. Baeten
;R. Meissen;V;/players/rick-meissen/571955/;rick-meissen;571955;sparta-rotterdam-bv;R. Meissen
5.0;Alexandre Penetra;V;/players/alexandre-manuel-penetra-correia/572102/;alexandre-manuel-penetra-correia;572102;stichting-az;Alexandre Penetra
32.0;N. Ünüvar;M;/players/naci-unuvar/572118/;naci-unuvar;572118;afc-ajax;N. Unuvar
15.0;Hussein Ali;V;/players/hussein-ali/573309/;hussein-ali;573309;sportclub-heerenveen;Hussein Ali
35.0;F. Oppegård;V;/players/fredrik-oppegard/575059/;fredrik-oppegard;575059;psv-nv;F. Oppegard
22.0;R. Nizet;V;/players/rob-nizet/575071/;rob-nizet;575071;sbv-willem-ii-tilburg;R. Nizet
22.0;Miguel Rodríguez;A;/players/miguel-rodriguez-vidal/576516/;miguel-rodriguez-vidal;576516;stichting-fc-utrecht;Miguel Rodriguez
21.0;P. Aaronson;M;/players/paxten-aaronson/576828/;paxten-aaronson;576828;stichting-fc-utrecht;P. Aaronson
33.0;E. Bullaude;M;/players/ezequiel-eduardo-bullaude/577164/;ezequiel-eduardo-bullaude;577164;fortuna-sittard;E. Bullaude
23.0;E. Reijnders;M;/players/eliano-reijnders/577288/;eliano-reijnders;577288;bvo-fc-zwolle;E. Reijnders
7.0;M. Garbett;M;/players/matthew-garbett/577465/;matthew-garbett;577465;nac-bv;M. Garbett
13.0;S. Westerveld;K;/players/sem-westerveld/585469/;sem-westerveld;585469;stichting-az;S. Westerveld
9.0;D. Min;A;/players/david-min/587715/;david-min;587715;stichting-fc-utrecht;D. Min
11.0;J. Kadile;A;/players/junior-morau-kadile-/590286/;junior-morau-kadile-;590286;fc-omniworld;J. Kadile
28.0;K. Fitz-Jim;M;/players/kian-fitz-jim/591724/;kian-fitz-jim;591724;afc-ajax;K. Fitz-Jim
14.0;Igor Paixão;A;/players/igor-guilherme-barbosa-da-paixao/593041/;igor-guilherme-barbosa-da-paixao;593041;feyenoord-rotterdam-nv;Igor Paixao
17.0;A. Van Hoorenbeeck;V;/players/alec-van-hoorenbeeck/593523/;alec-van-hoorenbeeck;593523;stichting-fc-twente-65;A. Van Hoorenbeeck
30.0;G. Ávila;V;/players/gaston-avila/594879/;gaston-avila;594879;afc-ajax;G. Avila
11.0;D. Mbayo;A;/players/dylan-mbayo/599681/;dylan-mbayo;599681;bvo-fc-zwolle;D. Mbayo
16.0;S. Mannsverk;M;/players/sivert-heggheim-mannsverk/600718/;sivert-heggheim-mannsverk;600718;afc-ajax;S. Mannsverk
2.0;D. Rensch;V;/players/devyne-rensch/601396/;devyne-rensch;601396;afc-ajax;D. Rensch
18.0;D. Møller Wolfe;V;/players/david-moller-wolfe/603294/;david-moller-wolfe;603294;stichting-az;D. Moller Wolfe
14.0;B. De Keersmaecker;M;/players/brian-de-keersmaecker/605558/;brian-de-keersmaecker;605558;stichting-heracles-almelo;B. De Keersmaecker
11.0;M. Aïko;M;/players/makan-aiko/608125/;makan-aiko;608125;fortuna-sittard;M. Aiko
4.0;A. MacNulty;V;/players/anselmo-garcia-mcnulty/608607/;anselmo-garcia-mcnulty;608607;bvo-fc-zwolle;A. MacNulty
11.0;E. Kehrer;A;/players/emilio-kehrer/609627/;emilio-kehrer;609627;sbv-willem-ii-tilburg;E. Kehrer
10.0;S. Tengstedt;A;/players/soren-tengstedt/615917/;soren-tengstedt;615917;stichting-go-ahead-eagles;S. Tengstedt
14.0;V. Zagaritis;V;/players/vasilios-zagaritis/617928/;vasilios-zagaritis;617928;fc-omniworld;V. Zagaritis
12.0;R. Roosken;V;/players/ruben-roosken/618143/;ruben-roosken;618143;stichting-heracles-almelo;R. Roosken
4.0;S. Adewoye;V;/players/shawn-adewoye/618207/;shawn-adewoye;618207;fortuna-sittard;S. Adewoye
9.0;K. Vaesen;A;/players/kyan-vaesen/620620/;kyan-vaesen;620620;sbv-willem-ii-tilburg;K. Vaesen
8.0;J. Bosch;M;/players/jesse-bosch/621347/;jesse-bosch;621347;sbv-willem-ii-tilburg;J. Bosch
6.0;R. Zerrouki;M;/players/ramiz-larbi-zerrouki/621348/;ramiz-larbi-zerrouki;621348;feyenoord-rotterdam-nv;R. Zerrouki
16.0;R. Meerveld;M;/players/ringo-meerveld/623815/;ringo-meerveld;623815;sbv-willem-ii-tilburg;R. Meerveld
16.0;Hugo Bueno;V;/players/hugo-bueno/624935/;hugo-bueno;624935;feyenoord-rotterdam-nv;Hugo Bueno
29.0;R. Postema;A;/players/romano-postema/625358/;romano-postema;625358;stichting-fc-groningen;R. Postema
27.0;L. Delaurier-Chaubet;A;/players/logan-delaurier-chaubet/626512/;logan-delaurier-chaubet;626512;fc-omniworld;L. Delaurier-Chaubet
35.0;P. Wålemark;A;/players/patrik-walemark/626682/;patrik-walemark;626682;feyenoord-rotterdam-nv;P. Walemark
23.0;Álex Balboa;M;/players/alex-balboa-bandeira/627655/;alex-balboa-bandeira;627655;fc-omniworld;Alex Balboa
27.0;Z. Buurmeester;M;/players/zico-buurmeester/627669/;zico-buurmeester;627669;stichting-az;Z. Buurmeester
2.0;M. Hilgers;V;/players/mees-hilgers/627701/;mees-hilgers;627701;stichting-fc-twente-65;M. Hilgers
6.0;R. Flamingo;V;/players/ryan-flamingo/627724/;ryan-flamingo;627724;psv-nv;R. Flamingo
6.0;C. Staring;M;/players/casper-staring/628494/;casper-staring;628494;nac-bv;C. Staring
24.0;L. Everink;V;/players/luca-everink/628510/;luca-everink;628510;stichting-go-ahead-eagles;L. Everink
11.0;D. Rots;A;/players/daan-rots/628516/;daan-rots;628516;stichting-fc-twente-65;D. Rots
38.0;M. Bruns;M;/players/max-bruns/628828/;max-bruns;628828;stichting-fc-twente-65;M. Bruns
36.0;G. Beaumont;M;/players/guus-beaumont/628831/;guus-beaumont;628831;fc-omniworld;G. Beaumont
9.0;D. Karlsbakk;A;/players/daniel-seland-karlsbakk/629619/;daniel-seland-karlsbakk;629619;sportclub-heerenveen;D. Karlsbakk
19.0;L. Kulenović;A;/players/luka-kulenovi/631882/;luka-kulenovi;631882;stichting-heracles-almelo;L. Kulenovic
26.0;J. Dirksen;V;/players/julius-dirksen/632220/;julius-dirksen;632220;stichting-go-ahead-eagles;J. Dirksen
8.0;Y. Regeer;M;/players/youri-regeer/632221/;youri-regeer;632221;stichting-fc-twente-65;Y. Regeer
10.0;M. de Waal;M;/players/max-de-waal/632222/;max-de-waal;632222;sbv-willem-ii-tilburg;M. de Waal
29.0;C. Rasmussen;A;/players/christian-theodor-kjelder-rasmussen/632224/;christian-theodor-kjelder-rasmussen;632224;afc-ajax;C. Rasmussen
34.0;I. Saibari;M;/players/ismael-saibari/632481/;ismael-saibari;632481;psv-nv;I. Saibari
7.0;B. Limbombe;A;/players/bryan-limbombe/632518/;bryan-limbombe;632518;stichting-heracles-almelo;B. Limbombe
20.0;I. Takidine;A;/players/ilias-takidine/632532/;ilias-takidine;632532;rkc-waalwijk;I. Takidine
31.0;R. Janse;K;/players/rijk-janse/632550/;rijk-janse;632550;nijmegen-eendracht-combinatie;R. Janse
21.0;C. Driouech;A;/players/couhaib-driouech/632812/;couhaib-driouech;632812;psv-nv;C. Driouech
42.0;R. van Hees;V;/players/rickson-van-hees/632816/;rickson-van-hees;632816;stichting-fc-utrecht;R. van Hees
16.0;T. Jansink;K;/players/timo-jansink/632823/;timo-jansink;632823;stichting-heracles-almelo;T. Jansink
22.0;A. Omgba;M;/players/aime-omgba/632832/;aime-omgba;632832;nac-bv;A. Omgba
37.0;J. Puriël;A;/players/germain-puriel/633104/;germain-puriel;633104;fc-omniworld;J. Puriel
15.0;N. El Harmazi;M;/players/nouri-cheung/635560/;nouri-cheung;635560;rkc-waalwijk;N. El Harmazi
22.0;R. Roefs;K;/players/robin-roefs/636190/;robin-roefs;636190;nijmegen-eendracht-combinatie;R. Roefs
38.0;K. Hlynsson;M;/players/kristian-nokkvi-hlynsson/636342/;kristian-nokkvi-hlynsson;636342;afc-ajax;K. Hlynsson
6.0;O. Fraulo;M;/players/oscar-fraulo/637161/;oscar-fraulo;637161;stichting-fc-utrecht;O. Fraulo
8.0;A. Darellas;M;/players/argyrios-darelas/637189/;argyrios-darelas;637189;nijmegen-eendracht-combinatie;A. Darellas
80.0;R. Fosso;M;/players/ryan-fosso/637283/;ryan-fosso;637283;fortuna-sittard;R. Fosso
21.0;S. Karssies;K;/players/sam-luca-karssies/637401/;sam-luca-karssies;637401;stichting-fc-twente-65;S. Karssies
11.0;J. Bakayoko;A;/players/johan-bakayoko/638229/;johan-bakayoko;638229;psv-nv;J. Bakayoko
19.0;A. Descotte;A;/players/anthony-descotte/638248/;anthony-descotte;638248;stichting-fc-utrecht;A. Descotte
27.0;A. Engwanda;M;/players/alonzo-engwanda/638250/;alonzo-engwanda;638250;stichting-fc-utrecht;A. Engwanda
14.0;C. Sandra;M;/players/cisse-sandra/638266/;cisse-sandra;638266;sbv-willem-ii-tilburg;C. Sandra
15.0;Y. Baas;V;/players/youri-baas/638355/;youri-baas;638355;afc-ajax;Y. Baas
19.0;M. van Brederode;A;/players/myron-van-brederode/638358/;myron-van-brederode;638358;stichting-az;M. van Brederode
21.0;S. Lagsir;A;/players/samir-lagsir/638363/;samir-lagsir;638363;bvo-fc-zwolle;S. Lagsir
;S. Mito;A;/players/shunsuke-mito/640252/;shunsuke-mito;640252;sparta-rotterdam-bv;S. Mito
2.0;B. Pereira;V;/players/brayann-pereira/640596/;brayann-pereira;640596;nijmegen-eendracht-combinatie;B. Pereira
11.0;R. Paula;M;/players/raul-paula/640610/;raul-paula;640610;nac-bv;R. Paula
13.0;A. Kaplan;V;/players/ahmetcan-kaplan/641115/;ahmetcan-kaplan;641115;afc-ajax;A. Kaplan
32.0;S. Scheperman;M;/players/sem-scheperman/641190/;sem-scheperman;641190;stichting-heracles-almelo;S. Scheperman
7.0;D. Cleonise;A;/players/denilho-cleonise/642338/;denilho-cleonise;642338;rkc-waalwijk;D. Cleonise
4.0;Visus;V;/players/ricardo-visus-contreras/642402/;ricardo-visus-contreras;642402;fc-omniworld;Visus
24.0;N. Schiks;K;/players/niek-schiks/643502/;niek-schiks;643502;psv-nv;N. Schiks
21.0;D. Arts;V;/players/dleanu-arts/643504/;dleanu-arts;643504;nijmegen-eendracht-combinatie;D. Arts
16.0;M. Balard;M;/players/maximilien-balard/643695/;maximilien-balard;643695;nac-bv;M. Balard
18.0;T. de Jonge;M;/players/tika-de-jonge/643975/;tika-de-jonge;643975;stichting-fc-groningen;T. de Jonge
14.0;Zidane Iqbal;M;/players/zidane-iqbal/644834/;zidane-iqbal;644834;stichting-fc-utrecht;Zidane Iqbal
22.0;B. Klaverboer;K;/players/bernt-klaverboer/645513/;bernt-klaverboer;645513;sportclub-heerenveen;B. Klaverboer
2.0;M. Benita;V;/players/mimeirhel-benita/645525/;mimeirhel-benita;645525;stichting-heracles-almelo;M. Benita
11.0;Carlos Forbs;A;/players/carlos-borges/649886/;carlos-borges;649886;afc-ajax;Carlos Forbs
16.0;S. Maikuma;V;/players/seiya-maikuma/651537/;seiya-maikuma;651537;stichting-az;S. Maikuma
27.0;A. van Axel Dongen;A;/players/amourrichio-van-axel-dongen/654719/;amourrichio-van-axel-dongen;654719;afc-ajax;A. van Axel Dongen
51.0;C. Setford;K;/players/charlie-setford/655389/;charlie-setford;655389;afc-ajax;C. Setford
46.0;S. Andersen;M;/players/silas-andersen/655434/;silas-andersen;655434;stichting-fc-utrecht;S. Andersen
7.0;J. Breum;A;/players/jakob-breum/658739/;jakob-breum;658739;stichting-go-ahead-eagles;J. Breum
33.0;B. Tahirović;M;/players/benjamin-tahirovic/659484/;benjamin-tahirovic;659484;afc-ajax;B. Tahirovic
30.0;S. Ltaief;M;/players/sayfallah-ltaief/659735/;sayfallah-ltaief;659735;stichting-fc-twente-65;S. Ltaief
20.0;Y. Cathline;A;/players/yoann-cathline/660710/;yoann-cathline;660710;stichting-fc-utrecht;Y. Cathline
23.0;M. Lahdo;A;/players/mayckel-lahdo/660897/;mayckel-lahdo;660897;stichting-az;M. Lahdo
17.0;R. Kuijpers;A;/players/roy-kuijpers/663306/;roy-kuijpers;663306;nac-bv;R. Kuijpers
;J. Baas;M;/players/julian-baas/663406/;julian-baas;663406;sparta-rotterdam-bv;J. Baas
22.0;L. Milani;V;/players/lorenzo-milani/664147/;lorenzo-milani;664147;stichting-heracles-almelo;L. Milani
3.0;O. Aertssen;V;/players/olivier-aertssen/664645/;olivier-aertssen;664645;bvo-fc-zwolle;O. Aertssen
34.0;C. Nadje;M;/players/chris-kevin-nadje/667108/;chris-kevin-nadje;667108;feyenoord-rotterdam-nv;C. Nadje
25.0;J. Amofa;V;/players/jamal-amofa/668121/;jamal-amofa;668121;stichting-go-ahead-eagles;J. Amofa
;Kayky;A;/players/kayky-da-silva-chagas/669420/;kayky-da-silva-chagas;669420;sparta-rotterdam-bv;Kayky
6.0;C. Twigt;M;/players/calvin-twigt/669594/;calvin-twigt;669594;stichting-go-ahead-eagles;C. Twigt
39.0;M. van Sas;K;/players/mikki-van-sas/669604/;mikki-van-sas;669604;feyenoord-rotterdam-nv;M. van Sas
31.0;D. Deen;K;/players/daniel-deen/670179/;daniel-deen;670179;stichting-az;D. Deen
11.0;N. Emeran;A;/players/noam-emeran/671004/;noam-emeran;671004;stichting-fc-groningen;N. Emeran
20.0;J. Trenskow;A;/players/jacob-trenskow/672937/;jacob-trenskow;672937;sportclub-heerenveen;J. Trenskow
15.0;F. González;V;/players/facundo-gonzalez-molino/673756/;facundo-gonzalez-molino;673756;feyenoord-rotterdam-nv;F. Gonzalez
;K. Reitmaier;K;/players/kaylen-jermaine-danny-reitmaier/674708/;kaylen-jermaine-danny-reitmaier;674708;sparta-rotterdam-bv;K. Reitmaier
;M. Nassoh;M;/players/mohamed-nassoh/680659/;mohamed-nassoh;680659;sparta-rotterdam-bv;M. Nassoh
;C. Neghli;A;/players/camiel-neghli/680707/;camiel-neghli;680707;sparta-rotterdam-bv;C. Neghli
41.0;M. Schut;K;/players/maarten-schut/680846/;maarten-schut;680846;sbv-willem-ii-tilburg;M. Schut
6.0;S. Resink;M;/players/stije-resink/681459/;stije-resink;681459;stichting-fc-groningen;S. Resink
38.0;I. Osman;A;/players/ibrahim-osman/682733/;ibrahim-osman;682733;feyenoord-rotterdam-nv;I. Osman
20.0;J. Mitchell;V;/players/jeyland-mitchell/687479/;jeyland-mitchell;687479;feyenoord-rotterdam-nv;J. Mitchell
33.0;K. Gadellaa;K;/players/kevin-gadellaa/687902/;kevin-gadellaa;687902;stichting-fc-utrecht;K. Gadellaa
44.0;J. Mukeh;V;/players/joshua-mukeh/687903/;joshua-mukeh;687903;stichting-fc-utrecht;J. Mukeh
31.0;A. Satriano;A;/players/antonio-satriano/688357/;antonio-satriano;688357;stichting-heracles-almelo;A. Satriano
;Metinho;M;/players/abemly-meto-silu/691959/;abemly-meto-silu;691959;sparta-rotterdam-bv;Metinho
14.0;A. Kaied;A;/players/adam-kaied/693342/;adam-kaied;693342;nac-bv;A. Kaied
39.0;A. Nagalo;V;/players/adamo-nagalo/694208/;adamo-nagalo;694208;psv-nv;A. Nagalo
15.0;A. Blake;A;/players/adrian-blake/695557/;adrian-blake;695557;stichting-fc-utrecht;A. Blake
28.0;L. Zeefuik;A;/players/lequincio-zeefuik/699766/;lequincio-zeefuik;699766;stichting-az;L. Zeefuik
31.0;E. van de Blaak;V;/players/emmanuel-van-de-blaak/700542/;emmanuel-van-de-blaak;700542;psv-nv;E. van de Blaak
22.0;M. Dekker;V;/players/maxim-dekker/700543/;maxim-dekker;700543;stichting-az;M. Dekker
21.0;E. Poku;A;/players/ernest-poku/700544/;ernest-poku;700544;stichting-az;E. Poku
26.0;I. Babadi;M;/players/isaac-babadi/700867/;isaac-babadi;700867;psv-nv;I. Babadi
23.0;J. Talvitie;A;/players/juho-talvitie/701365/;juho-talvitie;701365;stichting-heracles-almelo;J. Talvitie
3.0;A. Gaaei;V;/players/anton-gaaei/701784/;anton-gaaei;701784;afc-ajax;A. Gaaei
17.0;N. Hopland;V;/players/nikolai-soyset-hopland/703339/;nikolai-soyset-hopland;703339;sportclub-heerenveen;N. Hopland
10.0;L. Valente;M;/players/luciano-valente/703884/;luciano-valente;703884;stichting-fc-groningen;L. Valente
3.0;T. Blokzijl;V;/players/thijmen-blokzijl/703893/;thijmen-blokzijl;703893;stichting-fc-groningen;T. Blokzijl
21.0;P. Andreev;K;/players/plamen-andreev/708730/;plamen-andreev;708730;feyenoord-rotterdam-nv;P. Andreev
19.0;J. Rijkhoff;A;/players/julian-rijkhoff/721775/;julian-rijkhoff;721775;afc-ajax;J. Rijkhoff
27.0;A. Milambo;M;/players/antoni-djibu-milambo/736392/;antoni-djibu-milambo;736392;feyenoord-rotterdam-nv;A. Milambo
22.0;F. Stam;V;/players/finn-stam/736439/;finn-stam;736439;stichting-fc-groningen;F. Stam
41.0;D. Verduin;K;/players/duke-verduin/736659/;duke-verduin;736659;bvo-fc-zwolle;D. Verduin
15.0;M. Pivaš;V;/players/miodrag-pivas/745852/;miodrag-pivas;745852;sbv-willem-ii-tilburg;M. Pivas
39.0;H. Korkmazyürek;M;/players/hasip-korkmazyurek/752773/;hasip-korkmazyurek;752773;fortuna-sittard;H. Korkmazyurek
23.0;A. Hadj Moussa;A;/players/anis--hadj-moussa/755639/;anis--hadj-moussa;755639;feyenoord-rotterdam-nv;A. Hadj Moussa
19.0;Y. Taha;A;/players/younes-taha-el-idrissi/755774/;younes-taha-el-idrissi;755774;stichting-fc-twente-65;Y. Taha
14.0;L. Smans;M;/players/levi-smans/757104/;levi-smans;757104;sportclub-heerenveen;L. Smans
77.0;L. Tunjić;A;/players/luka-tunjic/759911/;luka-tunjic;759911;fortuna-sittard;L. Tunjic
3.0;T. Beelen;V;/players/thomas-beelen/760998/;thomas-beelen;760998;feyenoord-rotterdam-nv;T. Beelen
31.0;J. van der Wilt;K;/players/joel-van-der-wilt/771874/;joel-van-der-wilt;771874;fc-omniworld;J. van der Wilt
47.0;T. Gooijer;V;/players/tristan-gooijer/777215/;tristan-gooijer;777215;bvo-fc-zwolle;T. Gooijer
33.0;D. Kwakman;M;/players/dave-kwakman/777219/;dave-kwakman;777219;stichting-az;D. Kwakman
3.0;W. Goes;V;/players/wouter-goes/777233/;wouter-goes;777233;stichting-az;W. Goes
24.0;S. Vos;M;/players/silvano-cliff-robbie-vos/778100/;silvano-cliff-robbie-vos;778100;afc-ajax;S. Vos
37.0;J. Slory;A;/players/jaden-fernando-slory/778109/;jaden-fernando-slory;778109;feyenoord-rotterdam-nv;J. Slory
;M. Kleijn;V;/players/mike-kleijn/778111/;mike-kleijn;778111;sparta-rotterdam-bv;M. Kleijn
19.0;J. van Duiven;A;/players/jason-van-duiven/778117/;jason-van-duiven;778117;psv-nv;J. van Duiven
30.0;D. Weidmann;M;/players/daouda-weidmann/782160/;daouda-weidmann;782160;rkc-waalwijk;D. Weidmann
32.0;T. de Graaff;K;/players/tom-gerard-de-graaff/783148/;tom-gerard-de-graaff;783148;stichting-fc-utrecht;T. de Graaff
4.0;J. Hato;V;/players/jorrel-hato/783173/;jorrel-hato;783173;afc-ajax;J. Hato
27.0;M. Milovanović;V;/players/mateja-milovanovic/783196/;mateja-milovanovic;783196;sportclub-heerenveen;M. Milovanovic
41.0;J. Brandes;M;/players/julian-christiaan-brandes/783215/;julian-christiaan-brandes;783215;afc-ajax;J. Brandes
49.0;J. Banel;A;/players/jaydon-amauri-banel/783280/;jaydon-amauri-banel;783280;afc-ajax;J. Banel
39.0;M. Robberechts;A;/players/milan-robberechts/789504/;milan-robberechts;789504;fortuna-sittard;M. Robberechts
1.0;R. Owusu-Oduro;K;/players/rome-jayden-owusu-oduro/789860/;rome-jayden-owusu-oduro;789860;stichting-az;R. Owusu-Oduro
;J. Oud;V;/players/joeri-oud/789892/;joeri-oud;789892;stichting-az;J. Oud
24.0;L. Schouten;M;/players/lewis-schouten/789914/;lewis-schouten;789914;stichting-az;L. Schouten
38.0;T. Gijselhart;M;/players/teun-gijselhart/789919/;teun-gijselhart;789919;bvo-fc-zwolle;T. Gijselhart
26.0;K. Smit;M;/players/kees-smit/789945/;kees-smit;789945;stichting-az;K. Smit
17.0;J. Addai;A;/players/jayden-addai/789997/;jayden-addai;789997;stichting-az;J. Addai
;F. Al Mazyani;V;/players/faissal-al-mazyani/790281/;faissal-al-mazyani;790281;rkc-waalwijk;F. Al Mazyani
11.0;M. Godts;A;/players/mika-marcel-godts/790325/;mika-marcel-godts;790325;afc-ajax;M. Godts
77.0;L. Sauer;A;/players/leo-sauer/790415/;leo-sauer;790415;nac-bv;L. Sauer
45.0;O. Braude;V;/players/oliver-johansen-braude/794018/;oliver-johansen-braude;794018;sportclub-heerenveen;O. Braude
35.0;M. Meerdink;A;/players/mexx-meerdink/796451/;mexx-meerdink;796451;stichting-az;M. Meerdink
10.0;I. Sebaoui;A;/players/ilias-sebaoui/797954/;ilias-sebaoui;797954;sportclub-heerenveen;I. Sebaoui
;A. Dithmer;K;/players/andreas-frederik-dithmer/801435/;andreas-frederik-dithmer;801435;stichting-fc-utrecht;A. Dithmer
5.0;J. Ritmeester van de Kamp;M;/players/jochem-ritmeester-van-de-kamp/801840/;jochem-ritmeester-van-de-kamp;801840;fc-omniworld;J. Ritmeester van de Kamp
21.0;A. Fatah;A;/players/amar-abdirahman-ahmed/801857/;amar-abdirahman-ahmed;801857;sbv-willem-ii-tilburg;A. Fatah
31.0;J. Meijster;K;/players/jasper-meijster/803115/;jasper-meijster;803115;stichting-fc-groningen;J. Meijster
32.0;M. Dams;V;/players/matteo-dams/805736/;matteo-dams;805736;psv-nv;M. Dams
19.0;Darío Serra;A;/players/dario-serra-alvarez/807093/;dario-serra-alvarez;807093;stichting-go-ahead-eagles;Dario Serra
33.0;D. van der Haar;V;/players/damian-van-der-haar/812205/;damian-van-der-haar;812205;bvo-fc-zwolle;D. van der Haar
33.0;N. Verdoni;K;/players/nando-verdoni/813110/;nando-verdoni;813110;stichting-go-ahead-eagles;N. Verdoni
22.0;T. van de Loo;M;/players/tim-van-de-loo/813111/;tim-van-de-loo;813111;rkc-waalwijk;T. van de Loo
50.0;J. Faberski;M;/players/jan-faberski/814645/;jan-faberski;814645;afc-ajax;J. Faberski
23.0;K. Sano;M;/players/kodai-sano/815318/;kodai-sano;815318;nijmegen-eendracht-combinatie;K. Sano
;H. El Dahri;M;/players/hamza-el-dahri/819347/;hamza-el-dahri;819347;sparta-rotterdam-bv;H. El Dahri
26.0;G. Read;V;/players/givairo-read/821635/;givairo-read;821635;feyenoord-rotterdam-nv;G. Read
24.0;D. Baron;K;/players/dirk-baron/821647/;dirk-baron;821647;stichting-fc-groningen;D. Baron
;R. Rosario;A;/players/rayvien-rosario/821748/;rayvien-rosario;821748;sparta-rotterdam-bv;R. Rosario
11.0;B. Önal;A;/players/basar-onal/822550/;basar-onal;822550;nijmegen-eendracht-combinatie;B. Onal
10.0;S. ’t Zand;M;/players/shiloh-t-zand/824640/;shiloh-t-zand;824640;stichting-heracles-almelo;S. 't Zand
9.0;M. Smit;A;/players/milan-smit/828395/;milan-smit;828395;stichting-go-ahead-eagles;M. Smit
28.0;T. Land;M;/players/tygo-land/830551/;tygo-land;830551;psv-nv;T. Land
24.0;J. Mesbahi;V;/players/julien-mesbahi/830556/;julien-mesbahi;830556;stichting-fc-twente-65;J. Mesbahi
39.0;M. Rots;V;/players/mats-rots/830558/;mats-rots;830558;stichting-fc-twente-65;M. Rots
7.0;R. van Bommel;A;/players/ruben-van-bommel/834074/;ruben-van-bommel;834074;stichting-az;R. van Bommel
34.0;J. Pinas;V;/players/jaden-pinas/845490/;jaden-pinas;845490;fc-omniworld;J. Pinas
51.0;T. Smolenaars;K;/players/tijn-smolenaars/846638/;tijn-smolenaars;846638;psv-nv;T. Smolenaars
14.0;C. Lokesa;M;/players/chris-lokesa/847737/;chris-lokesa;847737;rkc-waalwijk;C. Lokesa
;M. Berger;K;/players/mannou-berger/851452/;mannou-berger;851452;feyenoord-rotterdam-nv;M. Berger
;M. de Ligt;V;/players/max-de-ligt/853143/;max-de-ligt;853143;sparta-rotterdam-bv;M. de Ligt
25.0;S. Ouaissa;M;/players/sami-ouaissa/856399/;sami-ouaissa;856399;nijmegen-eendracht-combinatie;S. Ouaissa
29.0;K. de Wit;M;/players/kas-de-wit/857092/;kas-de-wit;857092;nijmegen-eendracht-combinatie;K. de Wit
28.0;P. Saathof;V;/players/pim-saathof/857131/;pim-saathof;857131;stichting-go-ahead-eagles;P. Saathof
15.0;R. Weijenberg;M;/players/robbin-weijenberg/857132/;robbin-weijenberg;857132;stichting-go-ahead-eagles;R. Weijenberg
29.0;A. Adelgaard;V;/players/aske-adelgaard/857149/;aske-adelgaard;857149;stichting-go-ahead-eagles;A. Adelgaard
;L. Vogels;K;/players/luuk-vogels/858294/;luuk-vogels;858294;rkc-waalwijk;L. Vogels
24.0;G. Zechiël;M;/players/gjivai-zechiel/864326/;gjivai-zechiel;864326;feyenoord-rotterdam-nv;G. Zechiel
59.0;D. Konadu;A;/players/don-angelo-christoffel-annum-assamoah-konadu/864335/;don-angelo-christoffel-annum-assamoah-konadu;864335;afc-ajax;D. Konadu
;D. Tevreden;K;/players/dylan-tevreden/866324/;dylan-tevreden;866324;sparta-rotterdam-bv;D. Tevreden
34.0;M. de Lannoy;M;/players/maurilio-de-lannoy/871164/;maurilio-de-lannoy;871164;stichting-go-ahead-eagles;M. de Lannoy
26.0;T. van Bergen;A;/players/thom-van-bergen/873104/;thom-van-bergen;873104;stichting-fc-groningen;T. van Bergen
34.0;A. Lachkar;V;/players/amine-lachkar/876151/;amine-lachkar;876151;sbv-willem-ii-tilburg;A. Lachkar
14.0;J. Schreuders;M;/players/jorg-schreuders/877779/;jorg-schreuders;877779;stichting-fc-groningen;J. Schreuders
37.0;M. Oukhattou;M;/players/mohamed-oukhattou/878072/;mohamed-oukhattou;878072;bvo-fc-zwolle;M. Oukhattou
35.0;K. Razak;A;/players/khaled-razak/882843/;khaled-razak;882843;sbv-willem-ii-tilburg;K. Razak
36.0;M. Mariani;V;/players/maxim-mariani/888265/;maxim-mariani;888265;stichting-fc-groningen;M. Mariani
;M. Young;V;/players/marvin-young/890667/;marvin-young;890667;sparta-rotterdam-bv;M. Young
28.0;G. Sambo;M;/players/giandro-alejandro-sambo/892464/;giandro-alejandro-sambo;892464;stichting-heracles-almelo;G. Sambo
41.0;G. Besselink;M;/players/gijs-besselink/895383/;gijs-besselink;895383;stichting-fc-twente-65;G. Besselink
38.0;J. Uneken;A;/players/jesper-uneken/896685/;jesper-uneken;896685;psv-nv;J. Uneken
36.0;D. Janse;V;/players/dies-janse/898585/;dies-janse;898585;afc-ajax;D. Janse
36.0;W. Kuhn;V;/players/wessel-kuhn/898594/;wessel-kuhn;898594;psv-nv;W. Kuhn
;D. van Oorschot;A;/players/diego-van-oorschot/900479/;diego-van-oorschot;900479;stichting-heracles-almelo;D. van Oorschot
35.0;S. Bultman;V;/players/stijn-bultman/902555/;stijn-bultman;902555;stichting-heracles-almelo;S. Bultman
23.0;F. Turay;A;/players/fofin-turay/909656/;fofin-turay;909656;stichting-fc-groningen;F. Turay
9.0;K. Shiogai;A;/players/kento-shiogai/910330/;kento-shiogai;910330;nijmegen-eendracht-combinatie;K. Shiogai
17.0;O. Demir;A;/players/onur-demir/914020/;onur-demir;914020;fortuna-sittard;O. Demir
34.0;N. Fichtinger;M;/players/nick-fichtinger/914267/;nick-fichtinger;914267;bvo-fc-zwolle;N. Fichtinger
28.0;M. Witteveen;M;/players/melle-joop-witteveen/915624/;melle-joop-witteveen;915624;sportclub-heerenveen;M. Witteveen
29.0;H. Kuster;M;/players/harrie-kuster/916880/;harrie-kuster;916880;stichting-fc-twente-65;H. Kuster
21.0;E. van Ee;M;/players/espen-van-ee/921919/;espen-van-ee;921919;sportclub-heerenveen;E. van Ee
40.0;M. Dors;M;/players/marley-dors/923158/;marley-dors;923158;fc-omniworld;M. Dors
28.0;L. Mol;V;/players/lars-mol/923583/;lars-mol;923583;nac-bv;L. Mol
19.0;Saná Fernandes;A;/players/sana-fernandes/926017/;sana-fernandes;926017;nac-bv;Sana Fernandes
30.0;A. Jaddi;A;/players/aimane-jaddi/929143/;aimane-jaddi;929143;nac-bv;A. Jaddi
2.0;W. Prins;V;/players/wouter-prins/930296/;wouter-prins;930296;stichting-fc-groningen;W. Prins
43.0;J. Plug;V;/players/jan-plug/930803/;jan-plug;930803;feyenoord-rotterdam-nv;J. Plug
36.0;J. te Fruchte;K;/players/jonah-te-fruchte/933369/;jonah-te-fruchte;933369;stichting-heracles-almelo;J. te Fruchte
31.0;J. Mokio;V;/players/jorthy-mokio/934125/;jorthy-mokio;934125;afc-ajax;J. Mokio
;A. Oufkir;A;/players/ayoub-oufkir/935867/;ayoub-oufkir;935867;sparta-rotterdam-bv;A. Oufkir
39.0;E. Poku;A;/players/emanuel-poku/935872/;emanuel-poku;935872;fc-omniworld;E. Poku
26.0;L. Nieuwenhuijs;A;/players/luc-nieuwenhuijs/937268/;luc-nieuwenhuijs;937268;nijmegen-eendracht-combinatie;L. Nieuwenhuijs
33.0;M. Bresser;V;/players/michael-bresser/937271/;michael-bresser;937271;psv-nv;M. Bresser
31.0;D. Ghafour;M;/players/dielan-ghafour/939816/;dielan-ghafour;939816;stichting-go-ahead-eagles;D. Ghafour
57.0;N. Eggens;A;/players/nils-eggens/946067/;nils-eggens;946067;stichting-fc-groningen;N. Eggens
70.0;R. Leicester;V;/players/roy-leicester/946352/;roy-leicester;946352;stichting-fc-groningen;R. Leicester
25.0;C. Valerius;V;/players/cherrion-valerius/947863/;cherrion-valerius;947863;nac-bv;C. Valerius
67.0;S. Bouland;V;/players/sven-bouland/948734/;sven-bouland;948734;stichting-fc-groningen;S. Bouland
15.0;T. Reinders;V;/players/thomas-reinders/961616/;thomas-reinders;961616;nijmegen-eendracht-combinatie;T. Reinders
30.0;J. Kuiper;V;/players/jay-kuiper/963237/;jay-kuiper;963237;fc-omniworld;J. Kuiper
71.0;R. Bayram;K;/players/ramazan-bayram/965960/;ramazan-bayram;965960;fortuna-sittard;R. Bayram
;D. Bisschops;V;/players/daan-bisschops/965961/;daan-bisschops;965961;fortuna-sittard;D. Bisschops
27.0;S. Hermsen;A;/players/sjors-lowis-hermsen/968663/;sjors-lowis-hermsen;968663;fortuna-sittard;S. Hermsen
27.0;J. Tijink;V;/players/jop-tijink/970328/;jop-tijink;970328;stichting-heracles-almelo;J. Tijink
38.0;T. Schenkhuizen;M;/players/tristan-schenkhuizen/970333/;tristan-schenkhuizen;970333;fortuna-sittard;T. Schenkhuizen
27.0;O. Mohamedhoesein;M;/players/omar-mohamedhoesein/976032/;omar-mohamedhoesein;976032;nijmegen-eendracht-combinatie;O. Mohamedhoesein
32.0;D. Apinsa;V;/players/donte-apinsa/977225/;donte-apinsa;977225;stichting-go-ahead-eagles;D. Apinsa
18.0;D. van Reeuwijk;V;/players/daan-van-reeuwijk/980107/;daan-van-reeuwijk;980107;nac-bv;D. van Reeuwijk
56.0;M. Speelman;V;/players/marco-speelman/981985/;marco-speelman;981985;stichting-fc-groningen;M. Speelman
50.0;P. van Loon;O;/players/per-van-loon/982232/;per-van-loon;982232;sbv-willem-ii-tilburg;P. van Loon
48.0;J. Mathijsen;V;/players/jens-mathijsen/982233/;jens-mathijsen;982233;sbv-willem-ii-tilburg;J. Mathijsen
39.0;T. Codinha;M;/players/tiago-codinha/982441/;tiago-codinha;982441;stichting-heracles-almelo;T. Codinha
26.0;D. Rallis;O;/players/dimitris-rallis/982464/;dimitris-rallis;982464;sportclub-heerenveen;D. Rallis
35.0;T. Oostra;O;/players/ties-oostra/982465/;ties-oostra;982465;sportclub-heerenveen;T. Oostra
39.0;I. Ahmed;M;/players/isaiah-ahmed/982466/;isaiah-ahmed;982466;sportclub-heerenveen;I. Ahmed
