Coach;Speler;Speelronde;Rugnummer;Naam;Positie;Link;SW_Naam;SW_ID;Team;Naam_fix;P_Totaal
tukkeRoel;V. Barkas;1;1.0;V. Barkas;K;/players/vasileios-barkas/272919/;vasileios-barkas;272919.0;stichting-fc-utrecht;V. Barkas;17.0
tukkeRoel;D. Hancko;1;33.0;D. Hancko;V;/players/david-hancko/391059/;david-hancko;391059.0;feyenoord-rotterdam-nv;D. Hancko;3.0
tukkeRoel;J. Hato;1;4.0;J. Hato;V;/players/jorrel-hato/783173/;jorrel-hato;783173.0;afc-ajax;J. Hato;0.0
tukkeRoel;M. Kohlert;1;11.0;M. Köhlert;V;/players/mats-kohlert/400423/;mats-kohlert;400423.0;sportclub-heerenveen;M. Kohlert;2.0
tukkeRoel;C. Verdonk;1;24.0;C. Verdonk;V;/players/calvin-verdonk/319288/;calvin-verdonk;319288.0;nijmegen-eendracht-combinatie;C. Verdonk;1.0
tukkeRoel;F. Krastev;1;50.0;F. Krastev;M;/players/filip-yavorov-krastev/550509/;filip-yavorov-krastev;550509.0;bvo-fc-zwolle;F. Krastev;1.0
tukkeRoel;S. Mijnans;1;10.0;S. Mijnans;M;/players/sven-mijnans/566000/;sven-mijnans;566000.0;stichting-az;S. Mijnans;8.0
tukkeRoel;A. Verschueren;1;;A. Verschueren;M;/players/arno-vershueren/319385/;arno-vershueren;319385.0;sparta-rotterdam-bv;A. Verschueren;6.3
tukkeRoel;S. Steijn;1;14.0;S. Steijn;M;/players/sem-steijn/560623/;sem-steijn;560623.0;stichting-fc-twente-65;S. Steijn;3.39
tukkeRoel;S. Tengstedt;1;10.0;S. Tengstedt;A;/players/soren-tengstedt/615917/;soren-tengstedt;615917.0;stichting-go-ahead-eagles;S. Tengstedt;3.0
tukkeRoel;L. de Jong;1;9.0;L. de Jong;A;/players/luuk-de-jong/65056/;luuk-de-jong;65056.0;psv-nv;L. de Jong;7.83
methodmich;V. Barkas;1;1.0;V. Barkas;K;/players/vasileios-barkas/272919/;vasileios-barkas;272919.0;stichting-fc-utrecht;V. Barkas;17.0
methodmich;!P. Sandler;1;;;;;;;;;
methodmich;L. Geertruida;1;4.0;L. Geertruida;V;/players/lutsharel-geertruida/463698/;lutsharel-geertruida;463698.0;feyenoord-rotterdam-nv;L. Geertruida;3.0
methodmich;M. Kohlert;1;11.0;M. Köhlert;V;/players/mats-kohlert/400423/;mats-kohlert;400423.0;sportclub-heerenveen;M. Kohlert;2.0
methodmich;S. Mijnans;1;10.0;S. Mijnans;M;/players/sven-mijnans/566000/;sven-mijnans;566000.0;stichting-az;S. Mijnans;8.0
methodmich;S. 't Zand;1;10.0;S. ’t Zand;M;/players/shiloh-t-zand/824640/;shiloh-t-zand;824640.0;stichting-heracles-almelo;S. 't Zand;5.0
methodmich;S. Steijn;1;14.0;S. Steijn;M;/players/sem-steijn/560623/;sem-steijn;560623.0;stichting-fc-twente-65;S. Steijn;3.39
methodmich;K. Sano;1;23.0;K. Sano;M;/players/kodai-sano/815318/;kodai-sano;815318.0;nijmegen-eendracht-combinatie;K. Sano;12.0
methodmich;L. de Jong;1;9.0;L. de Jong;A;/players/luuk-de-jong/65056/;luuk-de-jong;65056.0;psv-nv;L. de Jong;7.83
methodmich;S. Berghuis;1;23.0;S. Berghuis;A;/players/steven-berghuis/134080/;steven-berghuis;134080.0;afc-ajax;S. Berghuis;3.87
methodmich;T. Lauritsen;1;;T. Lauritsen;A;/players/tobias-lauritsen/406745/;tobias-lauritsen;406745.0;sparta-rotterdam-bv;T. Lauritsen;3.89
FMNederland;V. Barkas;1;1.0;V. Barkas;K;/players/vasileios-barkas/272919/;vasileios-barkas;272919.0;stichting-fc-utrecht;V. Barkas;17.0
FMNederland;M. Kohlert;1;11.0;M. Köhlert;V;/players/mats-kohlert/400423/;mats-kohlert;400423.0;sportclub-heerenveen;M. Kohlert;2.0
FMNederland;M. Deijl;1;2.0;M. Deijl;V;/players/mats-deijl/402457/;mats-deijl;402457.0;stichting-go-ahead-eagles;M. Deijl;1.0
FMNederland;C. Verdonk;1;24.0;C. Verdonk;V;/players/calvin-verdonk/319288/;calvin-verdonk;319288.0;nijmegen-eendracht-combinatie;C. Verdonk;1.0
FMNederland;O. Boscagli;1;18.0;O. Boscagli;V;/players/olivier-boscagli/329542/;olivier-boscagli;329542.0;psv-nv;O. Boscagli;9.67
FMNederland;S. Bastien;1;22.0;S. Bastien;M;/players/samuel-bastien/314097/;samuel-bastien;314097.0;fortuna-sittard;S. Bastien;0.44
FMNederland;S. Steijn;1;14.0;S. Steijn;M;/players/sem-steijn/560623/;sem-steijn;560623.0;stichting-fc-twente-65;S. Steijn;3.39
FMNederland;C. Stengs;1;10.0;C. Stengs;M;/players/calvin-stengs/458659/;calvin-stengs;458659.0;feyenoord-rotterdam-nv;C. Stengs;
FMNederland;T. Robinet;1;9.0;T. Robinet;A;/players/thomas-robinet/312659/;thomas-robinet;312659.0;fc-omniworld;T. Robinet;3.0
FMNederland;T. Lauritsen;1;;T. Lauritsen;A;/players/tobias-lauritsen/406745/;tobias-lauritsen;406745.0;sparta-rotterdam-bv;T. Lauritsen;3.89
FMNederland;T. Parrott;1;9.0;T. Parrott;A;/players/troy-parrot/515624/;troy-parrot;515624.0;stichting-az;T. Parrott;4.87
crispy;L. Unnerstall;1;1.0;L. Unnerstall;K;/players/lars-unnerstall/81320/;lars-unnerstall;81320.0;stichting-fc-twente-65;L. Unnerstall;4.0
crispy;C. Verdonk;1;24.0;C. Verdonk;V;/players/calvin-verdonk/319288/;calvin-verdonk;319288.0;nijmegen-eendracht-combinatie;C. Verdonk;1.0
crispy;S. El Karouani;1;16.0;S. El Karouani;V;/players/souffian-elkarouani/537878/;souffian-elkarouani;537878.0;stichting-fc-utrecht;S. El Karouani;13.17
crispy;M. Kohlert;1;11.0;M. Köhlert;V;/players/mats-kohlert/400423/;mats-kohlert;400423.0;sportclub-heerenveen;M. Kohlert;2.0
crispy;D. Hancko;1;33.0;D. Hancko;V;/players/david-hancko/391059/;david-hancko;391059.0;feyenoord-rotterdam-nv;D. Hancko;3.0
crispy;T. Gooijer;1;47.0;T. Gooijer;V;/players/tristan-gooijer/777215/;tristan-gooijer;777215.0;bvo-fc-zwolle;T. Gooijer;-0.13
crispy;A. Verschueren;1;;A. Verschueren;M;/players/arno-vershueren/319385/;arno-vershueren;319385.0;sparta-rotterdam-bv;A. Verschueren;6.3
crispy;S. Mijnans;1;10.0;S. Mijnans;M;/players/sven-mijnans/566000/;sven-mijnans;566000.0;stichting-az;S. Mijnans;8.0
crispy;A. Halilovic;1;10.0;A. Halilović;M;/players/alen-halilovi/270136/;alen-halilovi;270136.0;fortuna-sittard;A. Halilovic;16.56
crispy;K. Taylor;1;8.0;K. Taylor;M;/players/kenneth-taylor/508784/;kenneth-taylor;508784.0;afc-ajax;K. Taylor;2.84
crispy;L. de Jong;1;9.0;L. de Jong;A;/players/luuk-de-jong/65056/;luuk-de-jong;65056.0;psv-nv;L. de Jong;7.83
svvthomas;N. Olij;1;;N. Olij;K;/players/nick-olij/235322/;nick-olij;235322.0;sparta-rotterdam-bv;N. Olij;16.0
svvthomas;M. Deijl;1;2.0;M. Deijl;V;/players/mats-deijl/402457/;mats-deijl;402457.0;stichting-go-ahead-eagles;M. Deijl;1.0
svvthomas;B. Kuipers;1;5.0;B. Kuipers;V;/players/bas-edo-kuipers/274649/;bas-edo-kuipers;274649.0;stichting-fc-twente-65;B. Kuipers;10.0
svvthomas;D. Mirani;1;4.0;D. Mirani;V;/players/damon-mirani/289811/;damon-mirani;289811.0;stichting-heracles-almelo;D. Mirani;14.0
svvthomas;M. Hoedemakers;1;6.0;M. Hoedemakers;M;/players/mees-hoedemakers/465082/;mees-hoedemakers;465082.0;nijmegen-eendracht-combinatie;M. Hoedemakers;2.8
svvthomas;D. Janosek;1;39.0;D. Janošek;M;/players/dominik-janosek/492661/;dominik-janosek;492661.0;nac-bv;D. Janosek;5.83
svvthomas;L. Brouwers;1;8.0;L. Brouwers;M;/players/luuk-brouwers/402458/;luuk-brouwers;402458.0;sportclub-heerenveen;L. Brouwers;3.0
svvthomas;C. Stengs;1;10.0;C. Stengs;M;/players/calvin-stengs/458659/;calvin-stengs;458659.0;feyenoord-rotterdam-nv;C. Stengs;
svvthomas;T. Parrott;1;9.0;T. Parrott;A;/players/troy-parrot/515624/;troy-parrot;515624.0;stichting-az;T. Parrott;4.87
svvthomas;L. de Jong;1;9.0;L. de Jong;A;/players/luuk-de-jong/65056/;luuk-de-jong;65056.0;psv-nv;L. de Jong;7.83
svvthomas;B. Brobbey;1;9.0;B. Brobbey;A;/players/brian-brobbey/520146/;brian-brobbey;520146.0;afc-ajax;B. Brobbey;0.6
El Cid;L. Unnerstall;1;1.0;L. Unnerstall;K;/players/lars-unnerstall/81320/;lars-unnerstall;81320.0;stichting-fc-twente-65;L. Unnerstall;4.0
El Cid;P. Bochniewicz;1;5.0;P. Bochniewicz;V;/players/pawe-bochniewicz/273911/;pawe-bochniewicz;273911.0;sportclub-heerenveen;P. Bochniewicz;0.0
El Cid;B. Nieuwkoop;1;2.0;B. Nieuwkoop;V;/players/bart-nieuwkoop/275124/;bart-nieuwkoop;275124.0;feyenoord-rotterdam-nv;B. Nieuwkoop;1.51
El Cid;D. van der Kust;1;;D. van der Kust;V;/players/djevencio-van-der-kust/569309/;djevencio-van-der-kust;569309.0;sparta-rotterdam-bv;D. van der Kust;14.0
El Cid;A. Halilovic;1;10.0;A. Halilović;M;/players/alen-halilovi/270136/;alen-halilovi;270136.0;fortuna-sittard;A. Halilovic;16.56
El Cid;L. Valente;1;10.0;L. Valente;M;/players/luciano-valente/703884/;luciano-valente;703884.0;stichting-fc-groningen;L. Valente;8.56
El Cid;V. Jensen;1;7.0;V. Jensen;M;/players/victor-jensen/460509/;victor-jensen;460509.0;stichting-fc-utrecht;V. Jensen;2.76
El Cid;D. Proper;1;71.0;D. Proper;M;/players/dirk-proper/525939/;dirk-proper;525939.0;nijmegen-eendracht-combinatie;D. Proper;3.0
El Cid;B. Traore;1;20.0;B. Traoré;A;/players/bertrand-traore/102801/;bertrand-traore;102801.0;afc-ajax;B. Traore;2.13
El Cid;L. de Jong;1;9.0;L. de Jong;A;/players/luuk-de-jong/65056/;luuk-de-jong;65056.0;psv-nv;L. de Jong;7.83
El Cid;T. Parrott;1;9.0;T. Parrott;A;/players/troy-parrot/515624/;troy-parrot;515624.0;stichting-az;T. Parrott;4.87
Otis.;V. Barkas;1;1.0;V. Barkas;K;/players/vasileios-barkas/272919/;vasileios-barkas;272919.0;stichting-fc-utrecht;V. Barkas;17.0
Otis.;M. Deijl;1;2.0;M. Deijl;V;/players/mats-deijl/402457/;mats-deijl;402457.0;stichting-go-ahead-eagles;M. Deijl;1.0
Otis.;M. Hilgers;1;2.0;M. Hilgers;V;/players/mees-hilgers/627701/;mees-hilgers;627701.0;stichting-fc-twente-65;M. Hilgers;
Otis.;J. Hato;1;4.0;J. Hato;V;/players/jorrel-hato/783173/;jorrel-hato;783173.0;afc-ajax;J. Hato;0.0
Otis.;G. Smal;1;5.0;G. Smal;V;/players/gijs-smal/508760/;gijs-smal;508760.0;feyenoord-rotterdam-nv;G. Smal;0.0
Otis.;S. Mijnans;1;10.0;S. Mijnans;M;/players/sven-mijnans/566000/;sven-mijnans;566000.0;stichting-az;S. Mijnans;8.0
Otis.;Rober;1;7.0;Róber;M;/players/roberto-gonzalez-bayon/500171/;roberto-gonzalez-bayon;500171.0;nijmegen-eendracht-combinatie;Rober;2.77
Otis.;P. Clement;1;;P. Clement;M;/players/pelle-clement/379793/;pelle-clement;379793.0;sparta-rotterdam-bv;P. Clement;7.0
Otis.;D. Karlsbakk;1;9.0;D. Karlsbakk;A;/players/daniel-seland-karlsbakk/629619/;daniel-seland-karlsbakk;629619.0;sportclub-heerenveen;D. Karlsbakk;1.53
Otis.;L. de Jong;1;9.0;L. de Jong;A;/players/luuk-de-jong/65056/;luuk-de-jong;65056.0;psv-nv;L. de Jong;7.83
Otis.;L. Kulenovic;1;19.0;L. Kulenović;A;/players/luka-kulenovi/631882/;luka-kulenovi;631882.0;stichting-heracles-almelo;L. Kulenovic;
Gordon Shumway;L. Unnerstall;1;1.0;L. Unnerstall;K;/players/lars-unnerstall/81320/;lars-unnerstall;81320.0;stichting-fc-twente-65;L. Unnerstall;4.0
Gordon Shumway;B. Nieuwkoop;1;2.0;B. Nieuwkoop;V;/players/bart-nieuwkoop/275124/;bart-nieuwkoop;275124.0;feyenoord-rotterdam-nv;B. Nieuwkoop;1.51
Gordon Shumway;J. Hato;1;4.0;J. Hato;V;/players/jorrel-hato/783173/;jorrel-hato;783173.0;afc-ajax;J. Hato;0.0
Gordon Shumway;M. Kohlert;1;11.0;M. Köhlert;V;/players/mats-kohlert/400423/;mats-kohlert;400423.0;sportclub-heerenveen;M. Kohlert;2.0
Gordon Shumway;C. Neghli;1;;C. Neghli;A;/players/camiel-neghli/680707/;camiel-neghli;680707.0;sparta-rotterdam-bv;C. Neghli;1.11
Gordon Shumway;L. Valente;1;10.0;L. Valente;M;/players/luciano-valente/703884/;luciano-valente;703884.0;stichting-fc-groningen;L. Valente;8.56
Gordon Shumway;D. Proper;1;71.0;D. Proper;M;/players/dirk-proper/525939/;dirk-proper;525939.0;nijmegen-eendracht-combinatie;D. Proper;3.0
Gordon Shumway;V. Jensen;1;7.0;V. Jensen;M;/players/victor-jensen/460509/;victor-jensen;460509.0;stichting-fc-utrecht;V. Jensen;2.76
Gordon Shumway;L. de Jong;1;9.0;L. de Jong;A;/players/luuk-de-jong/65056/;luuk-de-jong;65056.0;psv-nv;L. de Jong;7.83
Gordon Shumway;!K. Sierhuis;1;;;;;;;;;
Gordon Shumway;T. Parrott;1;9.0;T. Parrott;A;/players/troy-parrot/515624/;troy-parrot;515624.0;stichting-az;T. Parrott;4.87
Suikerbrood;N. Olij;1;;N. Olij;K;/players/nick-olij/235322/;nick-olij;235322.0;sparta-rotterdam-bv;N. Olij;16.0
Suikerbrood;M. Kohlert;1;11.0;M. Köhlert;V;/players/mats-kohlert/400423/;mats-kohlert;400423.0;sportclub-heerenveen;M. Kohlert;2.0
Suikerbrood;D. Rensch;1;2.0;D. Rensch;V;/players/devyne-rensch/601396/;devyne-rensch;601396.0;afc-ajax;D. Rensch;0.0
Suikerbrood;J. Amofa;1;25.0;J. Amofa;V;/players/jamal-amofa/668121/;jamal-amofa;668121.0;stichting-go-ahead-eagles;J. Amofa;0.63
Suikerbrood;N. Viergever;1;24.0;N. Viergever;V;/players/nick--viergever/78529/;nick--viergever;78529.0;stichting-fc-utrecht;N. Viergever;15.0
Suikerbrood;D. Proper;1;71.0;D. Proper;M;/players/dirk-proper/525939/;dirk-proper;525939.0;nijmegen-eendracht-combinatie;D. Proper;3.0
Suikerbrood;M. Vlap;1;18.0;M. Vlap;M;/players/michel-vlap/407742/;michel-vlap;407742.0;stichting-fc-twente-65;M. Vlap;4.0
Suikerbrood;A. Halilovic;1;10.0;A. Halilović;M;/players/alen-halilovi/270136/;alen-halilovi;270136.0;fortuna-sittard;A. Halilovic;16.56
Suikerbrood;S. Gimenez;1;29.0;S. Giménez;A;/players/santiago-tomas-gimenez/494293/;santiago-tomas-gimenez;494293.0;feyenoord-rotterdam-nv;S. Gimenez;7.24
Suikerbrood;R. van Bommel;1;7.0;R. van Bommel;A;/players/ruben-van-bommel/834074/;ruben-van-bommel;834074.0;stichting-az;R. van Bommel;0.07
Suikerbrood;L. de Jong;1;9.0;L. de Jong;A;/players/luuk-de-jong/65056/;luuk-de-jong;65056.0;psv-nv;L. de Jong;7.83
EnGCatjuh;N. Olij;1;;N. Olij;K;/players/nick-olij/235322/;nick-olij;235322.0;sparta-rotterdam-bv;N. Olij;16.0
EnGCatjuh;M. Kohlert;1;11.0;M. Köhlert;V;/players/mats-kohlert/400423/;mats-kohlert;400423.0;sportclub-heerenveen;M. Kohlert;2.0
EnGCatjuh;O. Boscagli;1;18.0;O. Boscagli;V;/players/olivier-boscagli/329542/;olivier-boscagli;329542.0;psv-nv;O. Boscagli;9.67
EnGCatjuh;S. El Karouani;1;16.0;S. El Karouani;V;/players/souffian-elkarouani/537878/;souffian-elkarouani;537878.0;stichting-fc-utrecht;S. El Karouani;13.17
EnGCatjuh;C. Stengs;1;10.0;C. Stengs;M;/players/calvin-stengs/458659/;calvin-stengs;458659.0;feyenoord-rotterdam-nv;C. Stengs;
EnGCatjuh;E. Linthorst;1;8.0;E. Linthorst;M;/players/evert-linthorst/546756/;evert-linthorst;546756.0;stichting-go-ahead-eagles;E. Linthorst;2.33
EnGCatjuh;D. Proper;1;71.0;D. Proper;M;/players/dirk-proper/525939/;dirk-proper;525939.0;nijmegen-eendracht-combinatie;D. Proper;3.0
EnGCatjuh;S. Steijn;1;14.0;S. Steijn;M;/players/sem-steijn/560623/;sem-steijn;560623.0;stichting-fc-twente-65;S. Steijn;3.39
EnGCatjuh;T. Parrott;1;9.0;T. Parrott;A;/players/troy-parrot/515624/;troy-parrot;515624.0;stichting-az;T. Parrott;4.87
EnGCatjuh;B. Brobbey;1;9.0;B. Brobbey;A;/players/brian-brobbey/520146/;brian-brobbey;520146.0;afc-ajax;B. Brobbey;0.6
EnGCatjuh;K. Sierhuis;1;9.0;K. Sierhuis;A;/players/kaj-sierhuis/423563/;kaj-sierhuis;423563.0;fortuna-sittard;K. Sierhuis;
Vishandel Makaay;J. Houwen;1;1.0;J. Houwen;K;/players/jeroen-houwen/303254/;jeroen-houwen;303254.0;rkc-waalwijk;J. Houwen;-2.0
Vishandel Makaay;R. Flamingo;1;6.0;R. Flamingo;V;/players/ryan-flamingo/627724/;ryan-flamingo;627724.0;psv-nv;R. Flamingo;4.0
Vishandel Makaay;R. Bazoer;1;25.0;R. Bazoer;V;/players/riechedly-bazoer/218161/;riechedly-bazoer;218161.0;stichting-az;R. Bazoer;0.0
Vishandel Makaay;K. Leerdam;1;;K. Leerdam;V;/players/kelvin-leerdam/68354/;kelvin-leerdam;68354.0;stichting-heracles-almelo;K. Leerdam;
Vishandel Makaay;M. Dijks;1;35.0;M. Dijks;V;/players/mitchel-dijks/219029/;mitchel-dijks;219029.0;fortuna-sittard;M. Dijks;21.0
Vishandel Makaay;T. Oosting;1;25.0;T. Oosting;M;/players/thijs-oosting/477591/;thijs-oosting;477591.0;stichting-fc-groningen;T. Oosting;1.06
Vishandel Makaay;E. van Ee;1;21.0;E. van Ee;M;/players/espen-van-ee/921919/;espen-van-ee;921919.0;sportclub-heerenveen;E. van Ee;2.67
Vishandel Makaay;P. Aaronson;1;21.0;P. Aaronson;M;/players/paxten-aaronson/576828/;paxten-aaronson;576828.0;stichting-fc-utrecht;P. Aaronson;8.0
Vishandel Makaay;B. Traore;1;20.0;B. Traoré;A;/players/bertrand-traore/102801/;bertrand-traore;102801.0;afc-ajax;B. Traore;2.13
Vishandel Makaay;R. van Wolfswinkel;1;9.0;R. van Wolfswinkel;A;/players/ricky-van-wolfswinkel/59407/;ricky-van-wolfswinkel;59407.0;stichting-fc-twente-65;R. van Wolfswinkel;1.61
Vishandel Makaay;T. Buitink;1;29.0;T. Buitink;A;/players/thomas-buitnik/457668/;thomas-buitnik;457668.0;bvo-fc-zwolle;T. Buitink;2.73
Friggles;L. Unnerstall;1;1.0;L. Unnerstall;K;/players/lars-unnerstall/81320/;lars-unnerstall;81320.0;stichting-fc-twente-65;L. Unnerstall;4.0
Friggles;T. Quintero;1;;T. Quintero;V;/players/teo-quintero/565562/;teo-quintero;565562.0;sparta-rotterdam-bv;T. Quintero;14.0
Friggles;M. Deijl;1;2.0;M. Deijl;V;/players/mats-deijl/402457/;mats-deijl;402457.0;stichting-go-ahead-eagles;M. Deijl;1.0
Friggles;S. El Karouani;1;16.0;S. El Karouani;V;/players/souffian-elkarouani/537878/;souffian-elkarouani;537878.0;stichting-fc-utrecht;S. El Karouani;13.17
Friggles;S. Mijnans;1;10.0;S. Mijnans;M;/players/sven-mijnans/566000/;sven-mijnans;566000.0;stichting-az;S. Mijnans;8.0
Friggles;D. Proper;1;71.0;D. Proper;M;/players/dirk-proper/525939/;dirk-proper;525939.0;nijmegen-eendracht-combinatie;D. Proper;3.0
Friggles;Danilo Al Saed;1;24.0;Danilo Al Saed;A;/players/danilo-al-saed/530444/;danilo-al-saed;530444.0;sportclub-heerenveen;Danilo Al Saed;2.67
Friggles;S. 't Zand;1;10.0;S. ’t Zand;M;/players/shiloh-t-zand/824640/;shiloh-t-zand;824640.0;stichting-heracles-almelo;S. 't Zand;5.0
Friggles;!Gutierrez;1;;;;;;;;;
Friggles;L. de Jong;1;9.0;L. de Jong;A;/players/luuk-de-jong/65056/;luuk-de-jong;65056.0;psv-nv;L. de Jong;7.83
Friggles;B. Brobbey;1;9.0;B. Brobbey;A;/players/brian-brobbey/520146/;brian-brobbey;520146.0;afc-ajax;B. Brobbey;0.6
Jay-Jay;N. Olij;1;;N. Olij;K;/players/nick-olij/235322/;nick-olij;235322.0;sparta-rotterdam-bv;N. Olij;16.0
Jay-Jay;S. Maikuma;1;16.0;S. Maikuma;V;/players/seiya-maikuma/651537/;seiya-maikuma;651537.0;stichting-az;S. Maikuma;13.0
Jay-Jay;M. Deijl;1;2.0;M. Deijl;V;/players/mats-deijl/402457/;mats-deijl;402457.0;stichting-go-ahead-eagles;M. Deijl;1.0
Jay-Jay;S. El Karouani;1;16.0;S. El Karouani;V;/players/souffian-elkarouani/537878/;souffian-elkarouani;537878.0;stichting-fc-utrecht;S. El Karouani;13.17
Jay-Jay;Ivo Pinto;1;12.0;Ivo Pinto;V;/players/ivo-pinto/86672/;ivo-pinto;86672.0;fortuna-sittard;Ivo Pinto;15.0
Jay-Jay;J. Veerman;1;23.0;J. Veerman;M;/players/joey--veerman/459312/;joey--veerman;459312.0;psv-nv;J. Veerman;13.83
Jay-Jay;D. Proper;1;71.0;D. Proper;M;/players/dirk-proper/525939/;dirk-proper;525939.0;nijmegen-eendracht-combinatie;D. Proper;3.0
Jay-Jay;S. Olsson;1;19.0;S. Olsson;M;/players/simon-olsson/423888/;simon-olsson;423888.0;sportclub-heerenveen;S. Olsson;3.0
Jay-Jay;S. Gimenez;1;29.0;S. Giménez;A;/players/santiago-tomas-gimenez/494293/;santiago-tomas-gimenez;494293.0;feyenoord-rotterdam-nv;S. Gimenez;7.24
Jay-Jay;B. Brobbey;1;9.0;B. Brobbey;A;/players/brian-brobbey/520146/;brian-brobbey;520146.0;afc-ajax;B. Brobbey;0.6
Jay-Jay;S. Lammers;1;10.0;S. Lammers;A;/players/sam-lammers/407736/;sam-lammers;407736.0;stichting-fc-twente-65;S. Lammers;12.89
Rucebo;V. Barkas;1;1.0;V. Barkas;K;/players/vasileios-barkas/272919/;vasileios-barkas;272919.0;stichting-fc-utrecht;V. Barkas;17.0
Rucebo;Ivo Pinto;1;12.0;Ivo Pinto;V;/players/ivo-pinto/86672/;ivo-pinto;86672.0;fortuna-sittard;Ivo Pinto;15.0
Rucebo;J. Hato;1;4.0;J. Hato;V;/players/jorrel-hato/783173/;jorrel-hato;783173.0;afc-ajax;J. Hato;0.0
Rucebo;G. Trauner;1;18.0;G. Trauner;V;/players/gernot-trauner/135546/;gernot-trauner;135546.0;feyenoord-rotterdam-nv;G. Trauner;
Rucebo;M. Deijl;1;2.0;M. Deijl;V;/players/mats-deijl/402457/;mats-deijl;402457.0;stichting-go-ahead-eagles;M. Deijl;1.0
Rucebo;S. Steijn;1;14.0;S. Steijn;M;/players/sem-steijn/560623/;sem-steijn;560623.0;stichting-fc-twente-65;S. Steijn;3.39
Rucebo;J. Kitolano;1;;J. Kitolano;M;/players/joshua-gaston-kitolano/517475/;joshua-gaston-kitolano;517475.0;sparta-rotterdam-bv;J. Kitolano;0.7
Rucebo;L. Brouwers;1;8.0;L. Brouwers;M;/players/luuk-brouwers/402458/;luuk-brouwers;402458.0;sportclub-heerenveen;L. Brouwers;3.0
Rucebo;T. Parrott;1;9.0;T. Parrott;A;/players/troy-parrot/515624/;troy-parrot;515624.0;stichting-az;T. Parrott;4.87
Rucebo;L. de Jong;1;9.0;L. de Jong;A;/players/luuk-de-jong/65056/;luuk-de-jong;65056.0;psv-nv;L. de Jong;7.83
Rucebo;K. Ogawa;1;18.0;K. Ogawa;A;/players/koki-ogawa/435835/;koki-ogawa;435835.0;nijmegen-eendracht-combinatie;K. Ogawa;
tukkeRoel;V. Barkas;2;1.0;V. Barkas;K;/players/vasileios-barkas/272919/;vasileios-barkas;272919.0;stichting-fc-utrecht;V. Barkas;3.0
tukkeRoel;D. Hancko;2;33.0;D. Hancko;V;/players/david-hancko/391059/;david-hancko;391059.0;feyenoord-rotterdam-nv;D. Hancko;14.0
tukkeRoel;J. Hato;2;4.0;J. Hato;V;/players/jorrel-hato/783173/;jorrel-hato;783173.0;afc-ajax;J. Hato;13.0
tukkeRoel;M. Kohlert;2;11.0;M. Köhlert;V;/players/mats-kohlert/400423/;mats-kohlert;400423.0;sportclub-heerenveen;M. Kohlert;3.0
tukkeRoel;C. Verdonk;2;24.0;C. Verdonk;V;/players/calvin-verdonk/319288/;calvin-verdonk;319288.0;nijmegen-eendracht-combinatie;C. Verdonk;2.0
tukkeRoel;F. Krastev;2;50.0;F. Krastev;M;/players/filip-yavorov-krastev/550509/;filip-yavorov-krastev;550509.0;bvo-fc-zwolle;F. Krastev;10.0
tukkeRoel;S. Mijnans;2;10.0;S. Mijnans;M;/players/sven-mijnans/566000/;sven-mijnans;566000.0;stichting-az;S. Mijnans;15.93
tukkeRoel;A. Verschueren;2;;A. Verschueren;M;/players/arno-vershueren/319385/;arno-vershueren;319385.0;sparta-rotterdam-bv;A. Verschueren;3.87
tukkeRoel;S. Steijn;2;14.0;S. Steijn;M;/players/sem-steijn/560623/;sem-steijn;560623.0;stichting-fc-twente-65;S. Steijn;7.0
tukkeRoel;S. Tengstedt;2;10.0;S. Tengstedt;A;/players/soren-tengstedt/615917/;soren-tengstedt;615917.0;stichting-go-ahead-eagles;S. Tengstedt;2.0
tukkeRoel;L. de Jong;2;9.0;L. de Jong;A;/players/luuk-de-jong/65056/;luuk-de-jong;65056.0;psv-nv;L. de Jong;9.0
methodmich;V. Barkas;2;1.0;V. Barkas;K;/players/vasileios-barkas/272919/;vasileios-barkas;272919.0;stichting-fc-utrecht;V. Barkas;3.0
methodmich;!P. Sandler;2;;;;;;;;;
methodmich;L. Geertruida;2;4.0;L. Geertruida;V;/players/lutsharel-geertruida/463698/;lutsharel-geertruida;463698.0;feyenoord-rotterdam-nv;L. Geertruida;4.0
methodmich;M. Kohlert;2;11.0;M. Köhlert;V;/players/mats-kohlert/400423/;mats-kohlert;400423.0;sportclub-heerenveen;M. Kohlert;3.0
methodmich;S. Mijnans;2;10.0;S. Mijnans;M;/players/sven-mijnans/566000/;sven-mijnans;566000.0;stichting-az;S. Mijnans;15.93
methodmich;S. 't Zand;2;10.0;S. ’t Zand;M;/players/shiloh-t-zand/824640/;shiloh-t-zand;824640.0;stichting-heracles-almelo;S. 't Zand;3.0
methodmich;S. Steijn;2;14.0;S. Steijn;M;/players/sem-steijn/560623/;sem-steijn;560623.0;stichting-fc-twente-65;S. Steijn;7.0
methodmich;K. Sano;2;23.0;K. Sano;M;/players/kodai-sano/815318/;kodai-sano;815318.0;nijmegen-eendracht-combinatie;K. Sano;3.0
methodmich;L. de Jong;2;9.0;L. de Jong;A;/players/luuk-de-jong/65056/;luuk-de-jong;65056.0;psv-nv;L. de Jong;9.0
methodmich;S. Berghuis;2;23.0;S. Berghuis;A;/players/steven-berghuis/134080/;steven-berghuis;134080.0;afc-ajax;S. Berghuis;5.1
methodmich;T. Lauritsen;2;;T. Lauritsen;A;/players/tobias-lauritsen/406745/;tobias-lauritsen;406745.0;sparta-rotterdam-bv;T. Lauritsen;12.0
FMNederland;V. Barkas;2;1.0;V. Barkas;K;/players/vasileios-barkas/272919/;vasileios-barkas;272919.0;stichting-fc-utrecht;V. Barkas;3.0
FMNederland;M. Kohlert;2;11.0;M. Köhlert;V;/players/mats-kohlert/400423/;mats-kohlert;400423.0;sportclub-heerenveen;M. Kohlert;3.0
FMNederland;M. Deijl;2;2.0;M. Deijl;V;/players/mats-deijl/402457/;mats-deijl;402457.0;stichting-go-ahead-eagles;M. Deijl;1.0
FMNederland;C. Verdonk;2;24.0;C. Verdonk;V;/players/calvin-verdonk/319288/;calvin-verdonk;319288.0;nijmegen-eendracht-combinatie;C. Verdonk;2.0
FMNederland;O. Boscagli;2;18.0;O. Boscagli;V;/players/olivier-boscagli/329542/;olivier-boscagli;329542.0;psv-nv;O. Boscagli;4.0
FMNederland;S. Bastien;2;22.0;S. Bastien;M;/players/samuel-bastien/314097/;samuel-bastien;314097.0;fortuna-sittard;S. Bastien;1.24
FMNederland;S. Steijn;2;14.0;S. Steijn;M;/players/sem-steijn/560623/;sem-steijn;560623.0;stichting-fc-twente-65;S. Steijn;7.0
FMNederland;C. Stengs;2;10.0;C. Stengs;M;/players/calvin-stengs/458659/;calvin-stengs;458659.0;feyenoord-rotterdam-nv;C. Stengs;23.0
FMNederland;T. Robinet;2;9.0;T. Robinet;A;/players/thomas-robinet/312659/;thomas-robinet;312659.0;fc-omniworld;T. Robinet;0.37
FMNederland;T. Lauritsen;2;;T. Lauritsen;A;/players/tobias-lauritsen/406745/;tobias-lauritsen;406745.0;sparta-rotterdam-bv;T. Lauritsen;12.0
FMNederland;T. Parrott;2;9.0;T. Parrott;A;/players/troy-parrot/515624/;troy-parrot;515624.0;stichting-az;T. Parrott;6.0
crispy;L. Unnerstall;2;1.0;L. Unnerstall;K;/players/lars-unnerstall/81320/;lars-unnerstall;81320.0;stichting-fc-twente-65;L. Unnerstall;3.0
crispy;C. Verdonk;2;24.0;C. Verdonk;V;/players/calvin-verdonk/319288/;calvin-verdonk;319288.0;nijmegen-eendracht-combinatie;C. Verdonk;2.0
crispy;S. El Karouani;2;16.0;S. El Karouani;V;/players/souffian-elkarouani/537878/;souffian-elkarouani;537878.0;stichting-fc-utrecht;S. El Karouani;3.0
crispy;M. Kohlert;2;11.0;M. Köhlert;V;/players/mats-kohlert/400423/;mats-kohlert;400423.0;sportclub-heerenveen;M. Kohlert;3.0
crispy;D. Hancko;2;33.0;D. Hancko;V;/players/david-hancko/391059/;david-hancko;391059.0;feyenoord-rotterdam-nv;D. Hancko;14.0
crispy;T. Gooijer;2;47.0;T. Gooijer;V;/players/tristan-gooijer/777215/;tristan-gooijer;777215.0;bvo-fc-zwolle;T. Gooijer;
crispy;A. Verschueren;2;;A. Verschueren;M;/players/arno-vershueren/319385/;arno-vershueren;319385.0;sparta-rotterdam-bv;A. Verschueren;3.87
crispy;S. Mijnans;2;10.0;S. Mijnans;M;/players/sven-mijnans/566000/;sven-mijnans;566000.0;stichting-az;S. Mijnans;15.93
crispy;A. Halilovic;2;10.0;A. Halilović;M;/players/alen-halilovi/270136/;alen-halilovi;270136.0;fortuna-sittard;A. Halilovic;15.76
crispy;K. Taylor;2;8.0;K. Taylor;M;/players/kenneth-taylor/508784/;kenneth-taylor;508784.0;afc-ajax;K. Taylor;1.13
crispy;L. de Jong;2;9.0;L. de Jong;A;/players/luuk-de-jong/65056/;luuk-de-jong;65056.0;psv-nv;L. de Jong;9.0
svvthomas;N. Olij;2;;N. Olij;K;/players/nick-olij/235322/;nick-olij;235322.0;sparta-rotterdam-bv;N. Olij;3.0
svvthomas;M. Deijl;2;2.0;M. Deijl;V;/players/mats-deijl/402457/;mats-deijl;402457.0;stichting-go-ahead-eagles;M. Deijl;1.0
svvthomas;B. Kuipers;2;5.0;B. Kuipers;V;/players/bas-edo-kuipers/274649/;bas-edo-kuipers;274649.0;stichting-fc-twente-65;B. Kuipers;3.0
svvthomas;D. Mirani;2;4.0;D. Mirani;V;/players/damon-mirani/289811/;damon-mirani;289811.0;stichting-heracles-almelo;D. Mirani;0.0
svvthomas;M. Hoedemakers;2;6.0;M. Hoedemakers;M;/players/mees-hoedemakers/465082/;mees-hoedemakers;465082.0;nijmegen-eendracht-combinatie;M. Hoedemakers;0.83
svvthomas;D. Janosek;2;39.0;D. Janošek;M;/players/dominik-janosek/492661/;dominik-janosek;492661.0;nac-bv;D. Janosek;4.94
svvthomas;L. Brouwers;2;8.0;L. Brouwers;M;/players/luuk-brouwers/402458/;luuk-brouwers;402458.0;sportclub-heerenveen;L. Brouwers;4.0
svvthomas;C. Stengs;2;10.0;C. Stengs;M;/players/calvin-stengs/458659/;calvin-stengs;458659.0;feyenoord-rotterdam-nv;C. Stengs;23.0
svvthomas;T. Parrott;2;9.0;T. Parrott;A;/players/troy-parrot/515624/;troy-parrot;515624.0;stichting-az;T. Parrott;6.0
svvthomas;L. de Jong;2;9.0;L. de Jong;A;/players/luuk-de-jong/65056/;luuk-de-jong;65056.0;psv-nv;L. de Jong;9.0
svvthomas;B. Brobbey;2;9.0;B. Brobbey;A;/players/brian-brobbey/520146/;brian-brobbey;520146.0;afc-ajax;B. Brobbey;2.2
El Cid;L. Unnerstall;2;1.0;L. Unnerstall;K;/players/lars-unnerstall/81320/;lars-unnerstall;81320.0;stichting-fc-twente-65;L. Unnerstall;3.0
El Cid;P. Bochniewicz;2;5.0;P. Bochniewicz;V;/players/pawe-bochniewicz/273911/;pawe-bochniewicz;273911.0;sportclub-heerenveen;P. Bochniewicz;1.0
El Cid;B. Nieuwkoop;2;2.0;B. Nieuwkoop;V;/players/bart-nieuwkoop/275124/;bart-nieuwkoop;275124.0;feyenoord-rotterdam-nv;B. Nieuwkoop;2.56
El Cid;D. van der Kust;2;;D. van der Kust;V;/players/djevencio-van-der-kust/569309/;djevencio-van-der-kust;569309.0;sparta-rotterdam-bv;D. van der Kust;3.0
El Cid;A. Halilovic;2;10.0;A. Halilović;M;/players/alen-halilovi/270136/;alen-halilovi;270136.0;fortuna-sittard;A. Halilovic;15.76
El Cid;L. Valente;2;10.0;L. Valente;M;/players/luciano-valente/703884/;luciano-valente;703884.0;stichting-fc-groningen;L. Valente;4.83
El Cid;V. Jensen;2;7.0;V. Jensen;M;/players/victor-jensen/460509/;victor-jensen;460509.0;stichting-fc-utrecht;V. Jensen;0.49
El Cid;D. Proper;2;71.0;D. Proper;M;/players/dirk-proper/525939/;dirk-proper;525939.0;nijmegen-eendracht-combinatie;D. Proper;3.0
El Cid;B. Traore;2;20.0;B. Traoré;A;/players/bertrand-traore/102801/;bertrand-traore;102801.0;afc-ajax;B. Traore;1.9
El Cid;L. de Jong;2;9.0;L. de Jong;A;/players/luuk-de-jong/65056/;luuk-de-jong;65056.0;psv-nv;L. de Jong;9.0
El Cid;T. Parrott;2;9.0;T. Parrott;A;/players/troy-parrot/515624/;troy-parrot;515624.0;stichting-az;T. Parrott;6.0
Otis.;V. Barkas;2;1.0;V. Barkas;K;/players/vasileios-barkas/272919/;vasileios-barkas;272919.0;stichting-fc-utrecht;V. Barkas;3.0
Otis.;M. Deijl;2;2.0;M. Deijl;V;/players/mats-deijl/402457/;mats-deijl;402457.0;stichting-go-ahead-eagles;M. Deijl;1.0
Otis.;M. Hilgers;2;2.0;M. Hilgers;V;/players/mees-hilgers/627701/;mees-hilgers;627701.0;stichting-fc-twente-65;M. Hilgers;1.0
Otis.;J. Hato;2;4.0;J. Hato;V;/players/jorrel-hato/783173/;jorrel-hato;783173.0;afc-ajax;J. Hato;13.0
Otis.;G. Smal;2;5.0;G. Smal;V;/players/gijs-smal/508760/;gijs-smal;508760.0;feyenoord-rotterdam-nv;G. Smal;0.44
Otis.;S. Mijnans;2;10.0;S. Mijnans;M;/players/sven-mijnans/566000/;sven-mijnans;566000.0;stichting-az;S. Mijnans;15.93
Otis.;Rober;2;7.0;Róber;M;/players/roberto-gonzalez-bayon/500171/;roberto-gonzalez-bayon;500171.0;nijmegen-eendracht-combinatie;Rober;2.57
Otis.;P. Clement;2;;P. Clement;M;/players/pelle-clement/379793/;pelle-clement;379793.0;sparta-rotterdam-bv;P. Clement;3.56
Otis.;D. Karlsbakk;2;9.0;D. Karlsbakk;A;/players/daniel-seland-karlsbakk/629619/;daniel-seland-karlsbakk;629619.0;sportclub-heerenveen;D. Karlsbakk;3.2
Otis.;L. de Jong;2;9.0;L. de Jong;A;/players/luuk-de-jong/65056/;luuk-de-jong;65056.0;psv-nv;L. de Jong;9.0
Otis.;L. Kulenovic;2;19.0;L. Kulenović;A;/players/luka-kulenovi/631882/;luka-kulenovi;631882.0;stichting-heracles-almelo;L. Kulenovic;
Gordon Shumway;L. Unnerstall;2;1.0;L. Unnerstall;K;/players/lars-unnerstall/81320/;lars-unnerstall;81320.0;stichting-fc-twente-65;L. Unnerstall;3.0
Gordon Shumway;B. Nieuwkoop;2;2.0;B. Nieuwkoop;V;/players/bart-nieuwkoop/275124/;bart-nieuwkoop;275124.0;feyenoord-rotterdam-nv;B. Nieuwkoop;2.56
Gordon Shumway;J. Hato;2;4.0;J. Hato;V;/players/jorrel-hato/783173/;jorrel-hato;783173.0;afc-ajax;J. Hato;13.0
Gordon Shumway;M. Kohlert;2;11.0;M. Köhlert;V;/players/mats-kohlert/400423/;mats-kohlert;400423.0;sportclub-heerenveen;M. Kohlert;3.0
Gordon Shumway;C. Neghli;2;;C. Neghli;A;/players/camiel-neghli/680707/;camiel-neghli;680707.0;sparta-rotterdam-bv;C. Neghli;3.11
Gordon Shumway;L. Valente;2;10.0;L. Valente;M;/players/luciano-valente/703884/;luciano-valente;703884.0;stichting-fc-groningen;L. Valente;4.83
Gordon Shumway;D. Proper;2;71.0;D. Proper;M;/players/dirk-proper/525939/;dirk-proper;525939.0;nijmegen-eendracht-combinatie;D. Proper;3.0
Gordon Shumway;V. Jensen;2;7.0;V. Jensen;M;/players/victor-jensen/460509/;victor-jensen;460509.0;stichting-fc-utrecht;V. Jensen;0.49
Gordon Shumway;L. de Jong;2;9.0;L. de Jong;A;/players/luuk-de-jong/65056/;luuk-de-jong;65056.0;psv-nv;L. de Jong;9.0
Gordon Shumway;!K. Sierhuis;2;;;;;;;;;
Gordon Shumway;T. Parrott;2;9.0;T. Parrott;A;/players/troy-parrot/515624/;troy-parrot;515624.0;stichting-az;T. Parrott;6.0
Suikerbrood;N. Olij;2;;N. Olij;K;/players/nick-olij/235322/;nick-olij;235322.0;sparta-rotterdam-bv;N. Olij;3.0
Suikerbrood;M. Kohlert;2;11.0;M. Köhlert;V;/players/mats-kohlert/400423/;mats-kohlert;400423.0;sportclub-heerenveen;M. Kohlert;3.0
Suikerbrood;D. Rensch;2;2.0;D. Rensch;V;/players/devyne-rensch/601396/;devyne-rensch;601396.0;afc-ajax;D. Rensch;0.0
Suikerbrood;J. Amofa;2;25.0;J. Amofa;V;/players/jamal-amofa/668121/;jamal-amofa;668121.0;stichting-go-ahead-eagles;J. Amofa;-1.3
Suikerbrood;N. Viergever;2;24.0;N. Viergever;V;/players/nick--viergever/78529/;nick--viergever;78529.0;stichting-fc-utrecht;N. Viergever;3.0
Suikerbrood;D. Proper;2;71.0;D. Proper;M;/players/dirk-proper/525939/;dirk-proper;525939.0;nijmegen-eendracht-combinatie;D. Proper;3.0
Suikerbrood;M. Vlap;2;18.0;M. Vlap;M;/players/michel-vlap/407742/;michel-vlap;407742.0;stichting-fc-twente-65;M. Vlap;4.0
Suikerbrood;A. Halilovic;2;10.0;A. Halilović;M;/players/alen-halilovi/270136/;alen-halilovi;270136.0;fortuna-sittard;A. Halilovic;15.76
Suikerbrood;S. Gimenez;2;29.0;S. Giménez;A;/players/santiago-tomas-gimenez/494293/;santiago-tomas-gimenez;494293.0;feyenoord-rotterdam-nv;S. Gimenez;21.0
Suikerbrood;R. van Bommel;2;7.0;R. van Bommel;A;/players/ruben-van-bommel/834074/;ruben-van-bommel;834074.0;stichting-az;R. van Bommel;2.0
Suikerbrood;L. de Jong;2;9.0;L. de Jong;A;/players/luuk-de-jong/65056/;luuk-de-jong;65056.0;psv-nv;L. de Jong;9.0
EnGCatjuh;N. Olij;2;;N. Olij;K;/players/nick-olij/235322/;nick-olij;235322.0;sparta-rotterdam-bv;N. Olij;3.0
EnGCatjuh;M. Kohlert;2;11.0;M. Köhlert;V;/players/mats-kohlert/400423/;mats-kohlert;400423.0;sportclub-heerenveen;M. Kohlert;3.0
EnGCatjuh;O. Boscagli;2;18.0;O. Boscagli;V;/players/olivier-boscagli/329542/;olivier-boscagli;329542.0;psv-nv;O. Boscagli;4.0
EnGCatjuh;S. El Karouani;2;16.0;S. El Karouani;V;/players/souffian-elkarouani/537878/;souffian-elkarouani;537878.0;stichting-fc-utrecht;S. El Karouani;3.0
EnGCatjuh;C. Stengs;2;10.0;C. Stengs;M;/players/calvin-stengs/458659/;calvin-stengs;458659.0;feyenoord-rotterdam-nv;C. Stengs;23.0
EnGCatjuh;E. Linthorst;2;8.0;E. Linthorst;M;/players/evert-linthorst/546756/;evert-linthorst;546756.0;stichting-go-ahead-eagles;E. Linthorst;1.53
EnGCatjuh;D. Proper;2;71.0;D. Proper;M;/players/dirk-proper/525939/;dirk-proper;525939.0;nijmegen-eendracht-combinatie;D. Proper;3.0
EnGCatjuh;S. Steijn;2;14.0;S. Steijn;M;/players/sem-steijn/560623/;sem-steijn;560623.0;stichting-fc-twente-65;S. Steijn;7.0
EnGCatjuh;T. Parrott;2;9.0;T. Parrott;A;/players/troy-parrot/515624/;troy-parrot;515624.0;stichting-az;T. Parrott;6.0
EnGCatjuh;B. Brobbey;2;9.0;B. Brobbey;A;/players/brian-brobbey/520146/;brian-brobbey;520146.0;afc-ajax;B. Brobbey;2.2
EnGCatjuh;K. Sierhuis;2;9.0;K. Sierhuis;A;/players/kaj-sierhuis/423563/;kaj-sierhuis;423563.0;fortuna-sittard;K. Sierhuis;
Vishandel Makaay;J. Houwen;2;1.0;J. Houwen;K;/players/jeroen-houwen/303254/;jeroen-houwen;303254.0;rkc-waalwijk;J. Houwen;1.0
Vishandel Makaay;R. Flamingo;2;6.0;R. Flamingo;V;/players/ryan-flamingo/627724/;ryan-flamingo;627724.0;psv-nv;R. Flamingo;4.0
Vishandel Makaay;R. Bazoer;2;25.0;R. Bazoer;V;/players/riechedly-bazoer/218161/;riechedly-bazoer;218161.0;stichting-az;R. Bazoer;-1.67
Vishandel Makaay;K. Leerdam;2;;K. Leerdam;V;/players/kelvin-leerdam/68354/;kelvin-leerdam;68354.0;stichting-heracles-almelo;K. Leerdam;0.0
Vishandel Makaay;M. Dijks;2;35.0;M. Dijks;V;/players/mitchel-dijks/219029/;mitchel-dijks;219029.0;fortuna-sittard;M. Dijks;21.0
Vishandel Makaay;T. Oosting;2;25.0;T. Oosting;M;/players/thijs-oosting/477591/;thijs-oosting;477591.0;stichting-fc-groningen;T. Oosting;0.94
Vishandel Makaay;E. van Ee;2;21.0;E. van Ee;M;/players/espen-van-ee/921919/;espen-van-ee;921919.0;sportclub-heerenveen;E. van Ee;1.47
Vishandel Makaay;P. Aaronson;2;21.0;P. Aaronson;M;/players/paxten-aaronson/576828/;paxten-aaronson;576828.0;stichting-fc-utrecht;P. Aaronson;9.0
Vishandel Makaay;B. Traore;2;20.0;B. Traoré;A;/players/bertrand-traore/102801/;bertrand-traore;102801.0;afc-ajax;B. Traore;1.9
Vishandel Makaay;R. van Wolfswinkel;2;9.0;R. van Wolfswinkel;A;/players/ricky-van-wolfswinkel/59407/;ricky-van-wolfswinkel;59407.0;stichting-fc-twente-65;R. van Wolfswinkel;0.0
Vishandel Makaay;T. Buitink;2;29.0;T. Buitink;A;/players/thomas-buitnik/457668/;thomas-buitnik;457668.0;bvo-fc-zwolle;T. Buitink;1.9
Friggles;L. Unnerstall;2;1.0;L. Unnerstall;K;/players/lars-unnerstall/81320/;lars-unnerstall;81320.0;stichting-fc-twente-65;L. Unnerstall;3.0
Friggles;T. Quintero;2;;T. Quintero;V;/players/teo-quintero/565562/;teo-quintero;565562.0;sparta-rotterdam-bv;T. Quintero;3.0
Friggles;M. Deijl;2;2.0;M. Deijl;V;/players/mats-deijl/402457/;mats-deijl;402457.0;stichting-go-ahead-eagles;M. Deijl;1.0
Friggles;S. El Karouani;2;16.0;S. El Karouani;V;/players/souffian-elkarouani/537878/;souffian-elkarouani;537878.0;stichting-fc-utrecht;S. El Karouani;3.0
Friggles;S. Mijnans;2;10.0;S. Mijnans;M;/players/sven-mijnans/566000/;sven-mijnans;566000.0;stichting-az;S. Mijnans;15.93
Friggles;D. Proper;2;71.0;D. Proper;M;/players/dirk-proper/525939/;dirk-proper;525939.0;nijmegen-eendracht-combinatie;D. Proper;3.0
Friggles;M. Kohlert;2;11.0;M. Köhlert;V;/players/mats-kohlert/400423/;mats-kohlert;400423.0;sportclub-heerenveen;M. Kohlert;3.0
Friggles;S. 't Zand;2;10.0;S. ’t Zand;M;/players/shiloh-t-zand/824640/;shiloh-t-zand;824640.0;stichting-heracles-almelo;S. 't Zand;3.0
Friggles;!Gutierrez;2;;;;;;;;;
Friggles;L. de Jong;2;9.0;L. de Jong;A;/players/luuk-de-jong/65056/;luuk-de-jong;65056.0;psv-nv;L. de Jong;9.0
Friggles;B. Brobbey;2;9.0;B. Brobbey;A;/players/brian-brobbey/520146/;brian-brobbey;520146.0;afc-ajax;B. Brobbey;2.2
Jay-Jay;N. Olij;2;;N. Olij;K;/players/nick-olij/235322/;nick-olij;235322.0;sparta-rotterdam-bv;N. Olij;3.0
Jay-Jay;S. Maikuma;2;16.0;S. Maikuma;V;/players/seiya-maikuma/651537/;seiya-maikuma;651537.0;stichting-az;S. Maikuma;15.0
Jay-Jay;M. Deijl;2;2.0;M. Deijl;V;/players/mats-deijl/402457/;mats-deijl;402457.0;stichting-go-ahead-eagles;M. Deijl;1.0
Jay-Jay;S. El Karouani;2;16.0;S. El Karouani;V;/players/souffian-elkarouani/537878/;souffian-elkarouani;537878.0;stichting-fc-utrecht;S. El Karouani;3.0
Jay-Jay;Ivo Pinto;2;12.0;Ivo Pinto;V;/players/ivo-pinto/86672/;ivo-pinto;86672.0;fortuna-sittard;Ivo Pinto;15.0
Jay-Jay;J. Veerman;2;23.0;J. Veerman;M;/players/joey--veerman/459312/;joey--veerman;459312.0;psv-nv;J. Veerman;5.0
Jay-Jay;D. Proper;2;71.0;D. Proper;M;/players/dirk-proper/525939/;dirk-proper;525939.0;nijmegen-eendracht-combinatie;D. Proper;3.0
Jay-Jay;S. Olsson;2;19.0;S. Olsson;M;/players/simon-olsson/423888/;simon-olsson;423888.0;sportclub-heerenveen;S. Olsson;4.0
Jay-Jay;S. Gimenez;2;29.0;S. Giménez;A;/players/santiago-tomas-gimenez/494293/;santiago-tomas-gimenez;494293.0;feyenoord-rotterdam-nv;S. Gimenez;21.0
Jay-Jay;B. Brobbey;2;9.0;B. Brobbey;A;/players/brian-brobbey/520146/;brian-brobbey;520146.0;afc-ajax;B. Brobbey;2.2
Jay-Jay;S. Lammers;2;10.0;S. Lammers;A;/players/sam-lammers/407736/;sam-lammers;407736.0;stichting-fc-twente-65;S. Lammers;2.04
Rucebo;V. Barkas;2;1.0;V. Barkas;K;/players/vasileios-barkas/272919/;vasileios-barkas;272919.0;stichting-fc-utrecht;V. Barkas;3.0
Rucebo;Ivo Pinto;2;12.0;Ivo Pinto;V;/players/ivo-pinto/86672/;ivo-pinto;86672.0;fortuna-sittard;Ivo Pinto;15.0
Rucebo;J. Hato;2;4.0;J. Hato;V;/players/jorrel-hato/783173/;jorrel-hato;783173.0;afc-ajax;J. Hato;13.0
Rucebo;G. Trauner;2;18.0;G. Trauner;V;/players/gernot-trauner/135546/;gernot-trauner;135546.0;feyenoord-rotterdam-nv;G. Trauner;
Rucebo;M. Deijl;2;2.0;M. Deijl;V;/players/mats-deijl/402457/;mats-deijl;402457.0;stichting-go-ahead-eagles;M. Deijl;1.0
Rucebo;S. Steijn;2;14.0;S. Steijn;M;/players/sem-steijn/560623/;sem-steijn;560623.0;stichting-fc-twente-65;S. Steijn;7.0
Rucebo;J. Kitolano;2;;J. Kitolano;M;/players/joshua-gaston-kitolano/517475/;joshua-gaston-kitolano;517475.0;sparta-rotterdam-bv;J. Kitolano;
Rucebo;L. Brouwers;2;8.0;L. Brouwers;M;/players/luuk-brouwers/402458/;luuk-brouwers;402458.0;sportclub-heerenveen;L. Brouwers;4.0
Rucebo;T. Parrott;2;9.0;T. Parrott;A;/players/troy-parrot/515624/;troy-parrot;515624.0;stichting-az;T. Parrott;6.0
Rucebo;L. de Jong;2;9.0;L. de Jong;A;/players/luuk-de-jong/65056/;luuk-de-jong;65056.0;psv-nv;L. de Jong;9.0
Rucebo;K. Ogawa;2;18.0;K. Ogawa;A;/players/koki-ogawa/435835/;koki-ogawa;435835.0;nijmegen-eendracht-combinatie;K. Ogawa;0.8
tukkeRoel;V. Barkas;3;1.0;V. Barkas;K;/players/vasileios-barkas/272919/;vasileios-barkas;272919.0;stichting-fc-utrecht;V. Barkas;4.0
tukkeRoel;D. Hancko;3;33.0;D. Hancko;V;/players/david-hancko/391059/;david-hancko;391059.0;feyenoord-rotterdam-nv;D. Hancko;1.0
tukkeRoel;J. Hato;3;4.0;J. Hato;V;/players/jorrel-hato/783173/;jorrel-hato;783173.0;afc-ajax;J. Hato;
tukkeRoel;M. Kohlert;3;11.0;M. Köhlert;V;/players/mats-kohlert/400423/;mats-kohlert;400423.0;sportclub-heerenveen;M. Kohlert;
tukkeRoel;C. Verdonk;3;24.0;C. Verdonk;V;/players/calvin-verdonk/319288/;calvin-verdonk;319288.0;nijmegen-eendracht-combinatie;C. Verdonk;15.0
tukkeRoel;F. Krastev;3;50.0;F. Krastev;M;/players/filip-yavorov-krastev/550509/;filip-yavorov-krastev;550509.0;bvo-fc-zwolle;F. Krastev;2.47
tukkeRoel;S. Mijnans;3;10.0;S. Mijnans;M;/players/sven-mijnans/566000/;sven-mijnans;566000.0;stichting-az;S. Mijnans;7.0
tukkeRoel;A. Verschueren;3;;A. Verschueren;M;/players/arno-vershueren/319385/;arno-vershueren;319385.0;sparta-rotterdam-bv;A. Verschueren;3.6
tukkeRoel;S. Steijn;3;14.0;S. Steijn;M;/players/sem-steijn/560623/;sem-steijn;560623.0;stichting-fc-twente-65;S. Steijn;
tukkeRoel;S. Tengstedt;3;10.0;S. Tengstedt;A;/players/soren-tengstedt/615917/;soren-tengstedt;615917.0;stichting-go-ahead-eagles;S. Tengstedt;5.6
tukkeRoel;L. de Jong;3;9.0;L. de Jong;A;/players/luuk-de-jong/65056/;luuk-de-jong;65056.0;psv-nv;L. de Jong;12.06
methodmich;V. Barkas;3;1.0;V. Barkas;K;/players/vasileios-barkas/272919/;vasileios-barkas;272919.0;stichting-fc-utrecht;V. Barkas;4.0
methodmich;!P. Sandler;3;;;;;;;;;
methodmich;L. Geertruida;3;4.0;L. Geertruida;V;/players/lutsharel-geertruida/463698/;lutsharel-geertruida;463698.0;feyenoord-rotterdam-nv;L. Geertruida;3.0
methodmich;M. Kohlert;3;11.0;M. Köhlert;V;/players/mats-kohlert/400423/;mats-kohlert;400423.0;sportclub-heerenveen;M. Kohlert;
methodmich;S. Mijnans;3;10.0;S. Mijnans;M;/players/sven-mijnans/566000/;sven-mijnans;566000.0;stichting-az;S. Mijnans;7.0
methodmich;S. 't Zand;3;10.0;S. ’t Zand;M;/players/shiloh-t-zand/824640/;shiloh-t-zand;824640.0;stichting-heracles-almelo;S. 't Zand;4.0
methodmich;S. Steijn;3;14.0;S. Steijn;M;/players/sem-steijn/560623/;sem-steijn;560623.0;stichting-fc-twente-65;S. Steijn;
methodmich;K. Sano;3;23.0;K. Sano;M;/players/kodai-sano/815318/;kodai-sano;815318.0;nijmegen-eendracht-combinatie;K. Sano;8.0
methodmich;L. de Jong;3;9.0;L. de Jong;A;/players/luuk-de-jong/65056/;luuk-de-jong;65056.0;psv-nv;L. de Jong;12.06
methodmich;S. Berghuis;3;23.0;S. Berghuis;A;/players/steven-berghuis/134080/;steven-berghuis;134080.0;afc-ajax;S. Berghuis;
methodmich;T. Lauritsen;3;;T. Lauritsen;A;/players/tobias-lauritsen/406745/;tobias-lauritsen;406745.0;sparta-rotterdam-bv;T. Lauritsen;8.0
FMNederland;V. Barkas;3;1.0;V. Barkas;K;/players/vasileios-barkas/272919/;vasileios-barkas;272919.0;stichting-fc-utrecht;V. Barkas;4.0
FMNederland;M. Kohlert;3;11.0;M. Köhlert;V;/players/mats-kohlert/400423/;mats-kohlert;400423.0;sportclub-heerenveen;M. Kohlert;
FMNederland;M. Deijl;3;2.0;M. Deijl;V;/players/mats-deijl/402457/;mats-deijl;402457.0;stichting-go-ahead-eagles;M. Deijl;15.0
FMNederland;C. Verdonk;3;24.0;C. Verdonk;V;/players/calvin-verdonk/319288/;calvin-verdonk;319288.0;nijmegen-eendracht-combinatie;C. Verdonk;15.0
FMNederland;O. Boscagli;3;18.0;O. Boscagli;V;/players/olivier-boscagli/329542/;olivier-boscagli;329542.0;psv-nv;O. Boscagli;4.0
FMNederland;S. Bastien;3;22.0;S. Bastien;M;/players/samuel-bastien/314097/;samuel-bastien;314097.0;fortuna-sittard;S. Bastien;
FMNederland;S. Steijn;3;14.0;S. Steijn;M;/players/sem-steijn/560623/;sem-steijn;560623.0;stichting-fc-twente-65;S. Steijn;
FMNederland;C. Stengs;3;10.0;C. Stengs;M;/players/calvin-stengs/458659/;calvin-stengs;458659.0;feyenoord-rotterdam-nv;C. Stengs;2.0
FMNederland;T. Robinet;3;9.0;T. Robinet;A;/players/thomas-robinet/312659/;thomas-robinet;312659.0;fc-omniworld;T. Robinet;
FMNederland;T. Lauritsen;3;;T. Lauritsen;A;/players/tobias-lauritsen/406745/;tobias-lauritsen;406745.0;sparta-rotterdam-bv;T. Lauritsen;8.0
FMNederland;T. Parrott;3;9.0;T. Parrott;A;/players/troy-parrot/515624/;troy-parrot;515624.0;stichting-az;T. Parrott;4.67
crispy;L. Unnerstall;3;1.0;L. Unnerstall;K;/players/lars-unnerstall/81320/;lars-unnerstall;81320.0;stichting-fc-twente-65;L. Unnerstall;
crispy;C. Verdonk;3;24.0;C. Verdonk;V;/players/calvin-verdonk/319288/;calvin-verdonk;319288.0;nijmegen-eendracht-combinatie;C. Verdonk;15.0
crispy;S. El Karouani;3;16.0;S. El Karouani;V;/players/souffian-elkarouani/537878/;souffian-elkarouani;537878.0;stichting-fc-utrecht;S. El Karouani;2.0
crispy;M. Kohlert;3;11.0;M. Köhlert;V;/players/mats-kohlert/400423/;mats-kohlert;400423.0;sportclub-heerenveen;M. Kohlert;
crispy;D. Hancko;3;33.0;D. Hancko;V;/players/david-hancko/391059/;david-hancko;391059.0;feyenoord-rotterdam-nv;D. Hancko;1.0
crispy;T. Gooijer;3;47.0;T. Gooijer;V;/players/tristan-gooijer/777215/;tristan-gooijer;777215.0;bvo-fc-zwolle;T. Gooijer;
crispy;A. Verschueren;3;;A. Verschueren;M;/players/arno-vershueren/319385/;arno-vershueren;319385.0;sparta-rotterdam-bv;A. Verschueren;3.6
crispy;S. Mijnans;3;10.0;S. Mijnans;M;/players/sven-mijnans/566000/;sven-mijnans;566000.0;stichting-az;S. Mijnans;7.0
crispy;A. Halilovic;3;10.0;A. Halilović;M;/players/alen-halilovi/270136/;alen-halilovi;270136.0;fortuna-sittard;A. Halilovic;
crispy;K. Taylor;3;8.0;K. Taylor;M;/players/kenneth-taylor/508784/;kenneth-taylor;508784.0;afc-ajax;K. Taylor;
crispy;L. de Jong;3;9.0;L. de Jong;A;/players/luuk-de-jong/65056/;luuk-de-jong;65056.0;psv-nv;L. de Jong;12.06
svvthomas;N. Olij;3;;N. Olij;K;/players/nick-olij/235322/;nick-olij;235322.0;sparta-rotterdam-bv;N. Olij;3.0
svvthomas;M. Deijl;3;2.0;M. Deijl;V;/players/mats-deijl/402457/;mats-deijl;402457.0;stichting-go-ahead-eagles;M. Deijl;15.0
svvthomas;B. Kuipers;3;5.0;B. Kuipers;V;/players/bas-edo-kuipers/274649/;bas-edo-kuipers;274649.0;stichting-fc-twente-65;B. Kuipers;
svvthomas;D. Mirani;3;4.0;D. Mirani;V;/players/damon-mirani/289811/;damon-mirani;289811.0;stichting-heracles-almelo;D. Mirani;3.0
svvthomas;M. Hoedemakers;3;6.0;M. Hoedemakers;M;/players/mees-hoedemakers/465082/;mees-hoedemakers;465082.0;nijmegen-eendracht-combinatie;M. Hoedemakers;5.24
svvthomas;D. Janosek;3;39.0;D. Janošek;M;/players/dominik-janosek/492661/;dominik-janosek;492661.0;nac-bv;D. Janosek;8.0
svvthomas;L. Brouwers;3;8.0;L. Brouwers;M;/players/luuk-brouwers/402458/;luuk-brouwers;402458.0;sportclub-heerenveen;L. Brouwers;
svvthomas;C. Stengs;3;10.0;C. Stengs;M;/players/calvin-stengs/458659/;calvin-stengs;458659.0;feyenoord-rotterdam-nv;C. Stengs;2.0
svvthomas;T. Parrott;3;9.0;T. Parrott;A;/players/troy-parrot/515624/;troy-parrot;515624.0;stichting-az;T. Parrott;4.67
svvthomas;L. de Jong;3;9.0;L. de Jong;A;/players/luuk-de-jong/65056/;luuk-de-jong;65056.0;psv-nv;L. de Jong;12.06
svvthomas;B. Brobbey;3;9.0;B. Brobbey;A;/players/brian-brobbey/520146/;brian-brobbey;520146.0;afc-ajax;B. Brobbey;
El Cid;L. Unnerstall;3;1.0;L. Unnerstall;K;/players/lars-unnerstall/81320/;lars-unnerstall;81320.0;stichting-fc-twente-65;L. Unnerstall;
El Cid;P. Bochniewicz;3;5.0;P. Bochniewicz;V;/players/pawe-bochniewicz/273911/;pawe-bochniewicz;273911.0;sportclub-heerenveen;P. Bochniewicz;
El Cid;B. Nieuwkoop;3;2.0;B. Nieuwkoop;V;/players/bart-nieuwkoop/275124/;bart-nieuwkoop;275124.0;feyenoord-rotterdam-nv;B. Nieuwkoop;
El Cid;D. van der Kust;3;;D. van der Kust;V;/players/djevencio-van-der-kust/569309/;djevencio-van-der-kust;569309.0;sparta-rotterdam-bv;D. van der Kust;1.0
El Cid;A. Halilovic;3;10.0;A. Halilović;M;/players/alen-halilovi/270136/;alen-halilovi;270136.0;fortuna-sittard;A. Halilovic;
El Cid;L. Valente;3;10.0;L. Valente;M;/players/luciano-valente/703884/;luciano-valente;703884.0;stichting-fc-groningen;L. Valente;6.69
El Cid;V. Jensen;3;7.0;V. Jensen;M;/players/victor-jensen/460509/;victor-jensen;460509.0;stichting-fc-utrecht;V. Jensen;2.44
El Cid;D. Proper;3;71.0;D. Proper;M;/players/dirk-proper/525939/;dirk-proper;525939.0;nijmegen-eendracht-combinatie;D. Proper;8.0
El Cid;B. Traore;3;20.0;B. Traoré;A;/players/bertrand-traore/102801/;bertrand-traore;102801.0;afc-ajax;B. Traore;
El Cid;L. de Jong;3;9.0;L. de Jong;A;/players/luuk-de-jong/65056/;luuk-de-jong;65056.0;psv-nv;L. de Jong;12.06
El Cid;T. Parrott;3;9.0;T. Parrott;A;/players/troy-parrot/515624/;troy-parrot;515624.0;stichting-az;T. Parrott;4.67
Otis.;V. Barkas;3;1.0;V. Barkas;K;/players/vasileios-barkas/272919/;vasileios-barkas;272919.0;stichting-fc-utrecht;V. Barkas;4.0
Otis.;M. Deijl;3;2.0;M. Deijl;V;/players/mats-deijl/402457/;mats-deijl;402457.0;stichting-go-ahead-eagles;M. Deijl;15.0
Otis.;M. Hilgers;3;2.0;M. Hilgers;V;/players/mees-hilgers/627701/;mees-hilgers;627701.0;stichting-fc-twente-65;M. Hilgers;
Otis.;J. Hato;3;4.0;J. Hato;V;/players/jorrel-hato/783173/;jorrel-hato;783173.0;afc-ajax;J. Hato;
Otis.;G. Smal;3;5.0;G. Smal;V;/players/gijs-smal/508760/;gijs-smal;508760.0;feyenoord-rotterdam-nv;G. Smal;2.02
Otis.;S. Mijnans;3;10.0;S. Mijnans;M;/players/sven-mijnans/566000/;sven-mijnans;566000.0;stichting-az;S. Mijnans;7.0
Otis.;Rober;3;7.0;Róber;M;/players/roberto-gonzalez-bayon/500171/;roberto-gonzalez-bayon;500171.0;nijmegen-eendracht-combinatie;Rober;17.0
Otis.;P. Clement;3;;P. Clement;M;/players/pelle-clement/379793/;pelle-clement;379793.0;sparta-rotterdam-bv;P. Clement;2.89
Otis.;D. Karlsbakk;3;9.0;D. Karlsbakk;A;/players/daniel-seland-karlsbakk/629619/;daniel-seland-karlsbakk;629619.0;sportclub-heerenveen;D. Karlsbakk;
Otis.;L. de Jong;3;9.0;L. de Jong;A;/players/luuk-de-jong/65056/;luuk-de-jong;65056.0;psv-nv;L. de Jong;12.06
Otis.;L. Kulenovic;3;19.0;L. Kulenović;A;/players/luka-kulenovi/631882/;luka-kulenovi;631882.0;stichting-heracles-almelo;L. Kulenovic;
Gordon Shumway;L. Unnerstall;3;1.0;L. Unnerstall;K;/players/lars-unnerstall/81320/;lars-unnerstall;81320.0;stichting-fc-twente-65;L. Unnerstall;
Gordon Shumway;B. Nieuwkoop;3;2.0;B. Nieuwkoop;V;/players/bart-nieuwkoop/275124/;bart-nieuwkoop;275124.0;feyenoord-rotterdam-nv;B. Nieuwkoop;
Gordon Shumway;J. Hato;3;4.0;J. Hato;V;/players/jorrel-hato/783173/;jorrel-hato;783173.0;afc-ajax;J. Hato;
Gordon Shumway;M. Kohlert;3;11.0;M. Köhlert;V;/players/mats-kohlert/400423/;mats-kohlert;400423.0;sportclub-heerenveen;M. Kohlert;
Gordon Shumway;C. Neghli;3;;C. Neghli;A;/players/camiel-neghli/680707/;camiel-neghli;680707.0;sparta-rotterdam-bv;C. Neghli;11.64
Gordon Shumway;L. Valente;3;10.0;L. Valente;M;/players/luciano-valente/703884/;luciano-valente;703884.0;stichting-fc-groningen;L. Valente;6.69
Gordon Shumway;D. Proper;3;71.0;D. Proper;M;/players/dirk-proper/525939/;dirk-proper;525939.0;nijmegen-eendracht-combinatie;D. Proper;8.0
Gordon Shumway;V. Jensen;3;7.0;V. Jensen;M;/players/victor-jensen/460509/;victor-jensen;460509.0;stichting-fc-utrecht;V. Jensen;2.44
Gordon Shumway;L. de Jong;3;9.0;L. de Jong;A;/players/luuk-de-jong/65056/;luuk-de-jong;65056.0;psv-nv;L. de Jong;12.06
Gordon Shumway;!K. Sierhuis;3;;;;;;;;;
Gordon Shumway;T. Parrott;3;9.0;T. Parrott;A;/players/troy-parrot/515624/;troy-parrot;515624.0;stichting-az;T. Parrott;4.67
Suikerbrood;N. Olij;3;;N. Olij;K;/players/nick-olij/235322/;nick-olij;235322.0;sparta-rotterdam-bv;N. Olij;3.0
Suikerbrood;S. Olsson;3;19.0;S. Olsson;M;/players/simon-olsson/423888/;simon-olsson;423888.0;sportclub-heerenveen;S. Olsson;
Suikerbrood;D. Rensch;3;2.0;D. Rensch;V;/players/devyne-rensch/601396/;devyne-rensch;601396.0;afc-ajax;D. Rensch;
Suikerbrood;J. Amofa;3;25.0;J. Amofa;V;/players/jamal-amofa/668121/;jamal-amofa;668121.0;stichting-go-ahead-eagles;J. Amofa;0.0
Suikerbrood;N. Viergever;3;24.0;N. Viergever;V;/players/nick--viergever/78529/;nick--viergever;78529.0;stichting-fc-utrecht;N. Viergever;4.0
Suikerbrood;D. Proper;3;71.0;D. Proper;M;/players/dirk-proper/525939/;dirk-proper;525939.0;nijmegen-eendracht-combinatie;D. Proper;8.0
Suikerbrood;M. Vlap;3;18.0;M. Vlap;M;/players/michel-vlap/407742/;michel-vlap;407742.0;stichting-fc-twente-65;M. Vlap;
Suikerbrood;A. Halilovic;3;10.0;A. Halilović;M;/players/alen-halilovi/270136/;alen-halilovi;270136.0;fortuna-sittard;A. Halilovic;
Suikerbrood;S. Gimenez;3;29.0;S. Giménez;A;/players/santiago-tomas-gimenez/494293/;santiago-tomas-gimenez;494293.0;feyenoord-rotterdam-nv;S. Gimenez;3.47
Suikerbrood;R. van Bommel;3;7.0;R. van Bommel;A;/players/ruben-van-bommel/834074/;ruben-van-bommel;834074.0;stichting-az;R. van Bommel;3.72
Suikerbrood;L. de Jong;3;9.0;L. de Jong;A;/players/luuk-de-jong/65056/;luuk-de-jong;65056.0;psv-nv;L. de Jong;12.06
EnGCatjuh;N. Olij;3;;N. Olij;K;/players/nick-olij/235322/;nick-olij;235322.0;sparta-rotterdam-bv;N. Olij;3.0
EnGCatjuh;M. Kohlert;3;11.0;M. Köhlert;V;/players/mats-kohlert/400423/;mats-kohlert;400423.0;sportclub-heerenveen;M. Kohlert;
EnGCatjuh;O. Boscagli;3;18.0;O. Boscagli;V;/players/olivier-boscagli/329542/;olivier-boscagli;329542.0;psv-nv;O. Boscagli;4.0
EnGCatjuh;S. El Karouani;3;16.0;S. El Karouani;V;/players/souffian-elkarouani/537878/;souffian-elkarouani;537878.0;stichting-fc-utrecht;S. El Karouani;2.0
EnGCatjuh;C. Stengs;3;10.0;C. Stengs;M;/players/calvin-stengs/458659/;calvin-stengs;458659.0;feyenoord-rotterdam-nv;C. Stengs;2.0
EnGCatjuh;J. Schreuders;3;14.0;J. Schreuders;M;/players/jorg-schreuders/877779/;jorg-schreuders;877779.0;stichting-fc-groningen;J. Schreuders;7.0
EnGCatjuh;D. Proper;3;71.0;D. Proper;M;/players/dirk-proper/525939/;dirk-proper;525939.0;nijmegen-eendracht-combinatie;D. Proper;8.0
EnGCatjuh;S. Steijn;3;14.0;S. Steijn;M;/players/sem-steijn/560623/;sem-steijn;560623.0;stichting-fc-twente-65;S. Steijn;
EnGCatjuh;T. Parrott;3;9.0;T. Parrott;A;/players/troy-parrot/515624/;troy-parrot;515624.0;stichting-az;T. Parrott;4.67
EnGCatjuh;B. Brobbey;3;9.0;B. Brobbey;A;/players/brian-brobbey/520146/;brian-brobbey;520146.0;afc-ajax;B. Brobbey;
EnGCatjuh;R. Meerveld;3;16.0;R. Meerveld;M;/players/ringo-meerveld/623815/;ringo-meerveld;623815.0;sbv-willem-ii-tilburg;R. Meerveld;4.0
Vishandel Makaay;J. Houwen;3;1.0;J. Houwen;K;/players/jeroen-houwen/303254/;jeroen-houwen;303254.0;rkc-waalwijk;J. Houwen;1.0
Vishandel Makaay;R. Flamingo;3;6.0;R. Flamingo;V;/players/ryan-flamingo/627724/;ryan-flamingo;627724.0;psv-nv;R. Flamingo;10.0
Vishandel Makaay;R. Bazoer;3;25.0;R. Bazoer;V;/players/riechedly-bazoer/218161/;riechedly-bazoer;218161.0;stichting-az;R. Bazoer;0.0
Vishandel Makaay;K. Leerdam;3;;K. Leerdam;V;/players/kelvin-leerdam/68354/;kelvin-leerdam;68354.0;stichting-heracles-almelo;K. Leerdam;0.0
Vishandel Makaay;M. Dijks;3;35.0;M. Dijks;V;/players/mitchel-dijks/219029/;mitchel-dijks;219029.0;fortuna-sittard;M. Dijks;
Vishandel Makaay;T. Oosting;3;25.0;T. Oosting;M;/players/thijs-oosting/477591/;thijs-oosting;477591.0;stichting-fc-groningen;T. Oosting;1.01
Vishandel Makaay;E. van Ee;3;21.0;E. van Ee;M;/players/espen-van-ee/921919/;espen-van-ee;921919.0;sportclub-heerenveen;E. van Ee;
Vishandel Makaay;P. Aaronson;3;21.0;P. Aaronson;M;/players/paxten-aaronson/576828/;paxten-aaronson;576828.0;stichting-fc-utrecht;P. Aaronson;2.56
Vishandel Makaay;B. Traore;3;20.0;B. Traoré;A;/players/bertrand-traore/102801/;bertrand-traore;102801.0;afc-ajax;B. Traore;
Vishandel Makaay;R. van Wolfswinkel;3;9.0;R. van Wolfswinkel;A;/players/ricky-van-wolfswinkel/59407/;ricky-van-wolfswinkel;59407.0;stichting-fc-twente-65;R. van Wolfswinkel;
Vishandel Makaay;T. Buitink;3;29.0;T. Buitink;A;/players/thomas-buitnik/457668/;thomas-buitnik;457668.0;bvo-fc-zwolle;T. Buitink;0.0
Friggles;L. Unnerstall;3;1.0;L. Unnerstall;K;/players/lars-unnerstall/81320/;lars-unnerstall;81320.0;stichting-fc-twente-65;L. Unnerstall;
Friggles;T. Quintero;3;;T. Quintero;V;/players/teo-quintero/565562/;teo-quintero;565562.0;sparta-rotterdam-bv;T. Quintero;
Friggles;M. Deijl;3;2.0;M. Deijl;V;/players/mats-deijl/402457/;mats-deijl;402457.0;stichting-go-ahead-eagles;M. Deijl;15.0
Friggles;S. El Karouani;3;16.0;S. El Karouani;V;/players/souffian-elkarouani/537878/;souffian-elkarouani;537878.0;stichting-fc-utrecht;S. El Karouani;2.0
Friggles;S. Mijnans;3;10.0;S. Mijnans;M;/players/sven-mijnans/566000/;sven-mijnans;566000.0;stichting-az;S. Mijnans;7.0
Friggles;D. Proper;3;71.0;D. Proper;M;/players/dirk-proper/525939/;dirk-proper;525939.0;nijmegen-eendracht-combinatie;D. Proper;8.0
Friggles;M. Kohlert;3;11.0;M. Köhlert;V;/players/mats-kohlert/400423/;mats-kohlert;400423.0;sportclub-heerenveen;M. Kohlert;
Friggles;S. 't Zand;3;10.0;S. ’t Zand;M;/players/shiloh-t-zand/824640/;shiloh-t-zand;824640.0;stichting-heracles-almelo;S. 't Zand;4.0
Friggles;!Gutierrez;3;;;;;;;;;
Friggles;L. de Jong;3;9.0;L. de Jong;A;/players/luuk-de-jong/65056/;luuk-de-jong;65056.0;psv-nv;L. de Jong;12.06
Friggles;B. Brobbey;3;9.0;B. Brobbey;A;/players/brian-brobbey/520146/;brian-brobbey;520146.0;afc-ajax;B. Brobbey;
Jay-Jay;N. Olij;3;;N. Olij;K;/players/nick-olij/235322/;nick-olij;235322.0;sparta-rotterdam-bv;N. Olij;3.0
Jay-Jay;S. Maikuma;3;16.0;S. Maikuma;V;/players/seiya-maikuma/651537/;seiya-maikuma;651537.0;stichting-az;S. Maikuma;14.0
Jay-Jay;M. Deijl;3;2.0;M. Deijl;V;/players/mats-deijl/402457/;mats-deijl;402457.0;stichting-go-ahead-eagles;M. Deijl;15.0
Jay-Jay;S. El Karouani;3;16.0;S. El Karouani;V;/players/souffian-elkarouani/537878/;souffian-elkarouani;537878.0;stichting-fc-utrecht;S. El Karouani;2.0
Jay-Jay;Ivo Pinto;3;12.0;Ivo Pinto;V;/players/ivo-pinto/86672/;ivo-pinto;86672.0;fortuna-sittard;Ivo Pinto;
Jay-Jay;J. Veerman;3;23.0;J. Veerman;M;/players/joey--veerman/459312/;joey--veerman;459312.0;psv-nv;J. Veerman;15.0
Jay-Jay;D. Proper;3;71.0;D. Proper;M;/players/dirk-proper/525939/;dirk-proper;525939.0;nijmegen-eendracht-combinatie;D. Proper;8.0
Jay-Jay;S. Olsson;3;19.0;S. Olsson;M;/players/simon-olsson/423888/;simon-olsson;423888.0;sportclub-heerenveen;S. Olsson;
Jay-Jay;S. Gimenez;3;29.0;S. Giménez;A;/players/santiago-tomas-gimenez/494293/;santiago-tomas-gimenez;494293.0;feyenoord-rotterdam-nv;S. Gimenez;3.47
Jay-Jay;B. Brobbey;3;9.0;B. Brobbey;A;/players/brian-brobbey/520146/;brian-brobbey;520146.0;afc-ajax;B. Brobbey;
Jay-Jay;S. Lammers;3;10.0;S. Lammers;A;/players/sam-lammers/407736/;sam-lammers;407736.0;stichting-fc-twente-65;S. Lammers;
Rucebo;V. Barkas;3;1.0;V. Barkas;K;/players/vasileios-barkas/272919/;vasileios-barkas;272919.0;stichting-fc-utrecht;V. Barkas;4.0
Rucebo;Ivo Pinto;3;12.0;Ivo Pinto;V;/players/ivo-pinto/86672/;ivo-pinto;86672.0;fortuna-sittard;Ivo Pinto;
Rucebo;J. Hato;3;4.0;J. Hato;V;/players/jorrel-hato/783173/;jorrel-hato;783173.0;afc-ajax;J. Hato;
Rucebo;G. Trauner;3;18.0;G. Trauner;V;/players/gernot-trauner/135546/;gernot-trauner;135546.0;feyenoord-rotterdam-nv;G. Trauner;
Rucebo;M. Deijl;3;2.0;M. Deijl;V;/players/mats-deijl/402457/;mats-deijl;402457.0;stichting-go-ahead-eagles;M. Deijl;15.0
Rucebo;S. Steijn;3;14.0;S. Steijn;M;/players/sem-steijn/560623/;sem-steijn;560623.0;stichting-fc-twente-65;S. Steijn;
Rucebo;J. Kitolano;3;;J. Kitolano;M;/players/joshua-gaston-kitolano/517475/;joshua-gaston-kitolano;517475.0;sparta-rotterdam-bv;J. Kitolano;1.11
Rucebo;L. Brouwers;3;8.0;L. Brouwers;M;/players/luuk-brouwers/402458/;luuk-brouwers;402458.0;sportclub-heerenveen;L. Brouwers;
Rucebo;T. Parrott;3;9.0;T. Parrott;A;/players/troy-parrot/515624/;troy-parrot;515624.0;stichting-az;T. Parrott;4.67
Rucebo;L. de Jong;3;9.0;L. de Jong;A;/players/luuk-de-jong/65056/;luuk-de-jong;65056.0;psv-nv;L. de Jong;12.06
Rucebo;K. Ogawa;3;18.0;K. Ogawa;A;/players/koki-ogawa/435835/;koki-ogawa;435835.0;nijmegen-eendracht-combinatie;K. Ogawa;6.0
